Date,AAPL,MSFT,NVDA,GOOGL,AMZN,META,TSLA,AVGO,JPM,V
2024-04-01,168.4965362548828,418.1519470214844,90.31202697753906,154.2154083251953,180.97000122070312,488.04144287109375,175.22000122070312,132.3230743408203,190.58595275878903,274.1673583984375
2024-04-02,167.31727600097656,415.0692138671875,89.40154266357422,153.2930450439453,180.69000244140625,494.0209045410156,166.6300048828125,131.1960906982422,190.5093231201172,274.3249816894531
2024-04-03,168.1199493408203,414.09417724609375,88.91382598876953,153.65008544921875,182.4100036621093,503.3277893066406,168.3800048828125,133.59213256835938,189.9728240966797,272.8668212890625
2024-04-04,167.29745483398438,411.5630798339844,85.85653686523438,149.2960662841797,180.0,507.4796752929688,171.11000061035156,129.11265563964844,188.52745056152344,269.9506225585937
2024-04-05,168.0505828857422,419.0875549316406,87.95836639404297,151.2499542236328,185.07000732421875,523.7890625,164.89999389648438,131.26174926757812,190.2619171142578,273.04425048828125
2024-04-08,166.9307861328125,418.1716003417969,87.08384704589844,153.58065795898438,185.19000244140625,515.753662109375,172.97999572753906,130.9354248046875,191.25440979003903,273.6550598144531
2024-04-09,168.13978576660156,419.8360900878906,85.30584716796875,155.31631469726562,185.6699981689453,513.41943359375,176.8800048828125,130.73745727539062,189.97283935546875,272.6304626464844
2024-04-10,166.26683044433594,416.8617248535156,86.98990631103516,154.86009216308594,185.9499969482422,516.3297119140625,171.75999450683594,129.58990478515625,188.35400390625,270.4234619140625
2024-04-11,173.46133422851562,421.4610900878906,90.56488800048828,158.10328674316406,189.0500030517578,519.6372680664062,174.60000610351562,135.4785919189453,188.31544494628903,271.60577392578125
2024-04-12,174.957763671875,415.5222473144531,88.13626098632812,156.43701171875,186.1300048828125,508.45306396484375,171.0500030517578,131.71646118164062,176.13560485839844,271.881591796875
2024-04-15,171.13255310058594,407.38714599609375,85.9524917602539,153.59059143066406,183.6199951171875,496.8616333007813,161.47999572753906,128.44528198242188,176.23196411132812,267.27081298828125
2024-04-16,167.85243225097656,408.31292724609375,87.3656997680664,153.13433837890625,183.32000732421875,496.3948364257813,157.11000061035156,130.24549865722656,174.2180633544922,267.3397521972656
2024-04-17,166.48484802246094,405.6143493652344,83.98759460449219,154.19558715820312,181.27999877929688,490.8424682617188,155.4499969482422,125.69544982910156,173.52426147460938,268.6600036621094
2024-04-18,165.53350830078125,398.1587524414063,84.62325286865234,154.7311248779297,179.22000122070312,498.4210205078125,149.92999267578125,123.37876892089844,174.65167236328125,267.3594970703125
2024-04-19,163.5118865966797,393.0866394042969,76.15702819824219,152.82687377929688,174.6300048828125,477.8306884765625,147.0500030517578,118.05941772460938,179.0360565185547,265.79296875
2024-04-22,164.34432983398438,394.8988342285156,79.47315216064453,154.99893188476562,177.22999572753906,478.4862365722656,142.0500030517578,119.99488830566406,182.5146026611328,268.3052673339844
2024-04-23,165.39474487304688,401.4088745117188,82.37651062011719,156.96270751953125,179.5399932861328,492.7594299316406,144.67999267578125,122.41838073730467,185.145248413086,270.0589904785156
2024-04-24,167.49566650390625,402.8763732910156,79.63206481933594,157.82557678222656,176.58999633789062,490.1769714355469,162.1300048828125,123.1661148071289,186.051025390625,270.9555358886719
2024-04-25,168.3577880859375,393.00787353515625,82.58539581298828,154.72122192382812,173.6699981689453,438.4078979492188,170.17999267578125,126.850830078125,186.33045959472656,271.09344482421875
2024-04-26,167.77313232421875,400.1778259277344,87.6855239868164,170.5404815673828,179.6199951171875,440.3050842285156,168.2899932861328,131.71646118164062,186.4460906982422,270.4629211425781
2024-04-29,171.9352569580078,396.16937255859375,87.70751953125,164.78802490234375,180.9600067138672,429.7068786621094,194.0500030517578,131.18238830566406,186.2437286376953,267.822509765625
2024-04-30,168.79383850097656,383.4446411132813,86.353271484375,161.44564819335938,175.0,427.2734375,183.27999877929688,127.42414855957033,184.75979614257807,264.6402587890625
2024-05-01,167.77313232421875,388.9698181152344,82.99415588378906,162.51681518554688,179.0,436.2326354980469,179.99000549316406,121.79806518554688,184.8753967285156,263.3693542480469
2024-05-02,171.46949768066406,391.8259887695313,85.76859283447266,165.2541961669922,184.72000122070312,438.7058410644531,180.00999450683594,121.3776397705078,184.6826934814453,263.655029296875
2024-05-03,181.7261657714844,400.5126647949219,88.7389144897461,165.86911010742188,186.2100067138672,448.9166564941406,181.19000244140625,125.2524871826172,183.5745544433593,264.52203369140625
2024-05-06,180.07122802734375,407.2886352539063,92.0880355834961,166.72206115722656,188.6999969482422,462.5442810058594,184.759994506836,128.40802001953125,185.01031494140625,268.64031982421875
2024-05-07,180.7549591064453,403.1521606445313,90.50292205810548,169.84620666503906,188.759994506836,465.0870361328125,177.80999755859375,127.70243072509766,184.76942443847656,272.374267578125
2024-05-08,181.0919189453125,404.333984375,90.36100769042967,167.99156188964844,188.0,469.417724609375,174.72000122070312,129.88388061523438,188.52745056152344,273.09344482421875
2024-05-09,182.9054107666016,406.0870971679688,88.69695281982422,168.56680297851562,189.5,472.2186584472656,171.97000122070312,127.95333099365234,190.31008911132807,274.4235534667969
2024-05-10,181.6451568603516,408.4705200195313,89.82730865478516,167.2675018310547,187.47999572753903,472.9934692382813,168.47000122070312,130.6119842529297,191.53387451171875,276.59100341796875
2024-05-13,184.8503570556641,407.4659118652344,90.3480224609375,167.75352478027344,186.57000732421875,464.8586120605469,171.88999938964844,131.0736083984375,191.49530029296875,275.2609558105469
2024-05-14,185.99151611328125,410.2630004882813,91.30447387695312,168.9436798095703,187.07000732421875,468.6727600097656,177.5500030517578,135.24049377441406,194.17410278320312,273.63531494140625
2024-05-15,188.2639617919922,417.4360046386719,94.57662200927734,171.09588623046875,185.9900054931641,478.2974548339844,173.99000549316406,140.74209594726562,194.7522888183593,277.3397216796875
2024-05-16,188.383041381836,415.3739013671875,94.30577850341795,172.75218200683594,183.6300048828125,470.04345703125,174.83999633789062,138.38619995117188,195.0991668701172,276.21453857421875
2024-05-17,188.4127960205078,414.6043395996094,92.42684173583984,174.61679077148438,184.6999969482422,468.73236083984375,177.4600067138672,136.73593139648438,197.3347320556641,276.47119140625
2024-05-20,189.57383728027344,419.6658630371094,94.7265396118164,175.4697723388672,183.5399932861328,465.6830139160156,174.9499969482422,138.57240295410156,188.45999145507807,274.931396484375
2024-05-21,190.873779296875,423.3165283203125,95.33220672607422,176.39212036132812,183.1499938964844,461.5013732910156,186.6000061035156,137.1190948486328,192.256591796875,272.3749694824219
2024-05-22,189.4348907470703,424.77679443359375,94.89644622802734,174.93417358398438,183.1300048828125,464.6301574707031,180.11000061035156,136.43702697753906,191.09060668945312,272.0097045898437
2024-05-23,185.44577026367188,421.3037414550781,103.74046325683594,172.12738037109375,181.0500030517578,462.6436462402344,173.74000549316406,136.5399169921875,189.751205444336,270.67724609375
2024-05-24,188.5219573974609,424.4216003417969,106.40894317626952,173.55557250976562,180.75,474.9998474121094,179.24000549316406,137.96578979492188,193.4032440185547,270.9338073730469
2024-05-28,188.5319061279297,424.5794677734375,113.83676147460938,174.9540252685547,182.1499938964844,476.6883850097656,176.75,138.41757202148438,192.2372894287109,267.4693908691406
2024-05-29,188.82960510253903,423.4447937011719,114.76022338867188,174.4580841064453,182.0200042724609,471.1658630371094,176.19000244140625,136.2831573486328,190.8978881835937,265.3768005371094
2024-05-30,189.8219146728516,409.13818359375,110.43767547607422,170.69915771484375,179.32000732421875,463.905029296875,178.7899932861328,133.6774139404297,192.073486328125,267.78515625
2024-05-31,190.77456665039065,409.592041015625,109.57117462158205,171.08596801757812,176.44000244140625,463.6865539550781,178.0800018310547,130.19552612304688,195.2533264160156,268.9301452636719
2024-06-03,192.54087829589844,408.0035705566406,114.93513488769533,171.75047302246094,178.33999633789062,474.2747497558594,176.2899932861328,129.5438232421875,194.4728546142578,266.8771057128906
2024-06-04,192.8584442138672,410.5195007324219,116.37133026123048,172.36541748046875,179.33999633789062,473.7781066894531,174.77000427246094,130.41798400878906,191.90968322753903,268.89068603515625
2024-06-05,194.3667755126953,418.3536376953125,122.3709487915039,173.9721221923828,181.27999877929688,491.7264404296875,175.0,138.48028564453125,190.0788116455078,270.9437255859375
2024-06-06,192.9874267578125,418.8568115234375,120.92976379394533,175.2812957763672,185.0,490.4351806640625,177.94000244140625,137.3219757080078,189.74156188964844,273.4508056640625
2024-06-07,195.37893676757807,418.1957702636719,120.81982421875,173.0299072265625,184.3000030517578,489.6405944824219,177.47999572753906,137.84817504882812,192.6708831787109,275.0596923828125
2024-06-10,191.6378631591797,422.162109375,121.72130584716795,173.7746124267578,187.0599975585937,499.2156982421875,173.7899932861328,141.16348266601562,192.34329223632807,271.47674560546875
2024-06-11,205.5601806640625,426.9078979492188,120.85173797607422,175.3732452392578,187.22999572753903,504.0528869628906,170.66000366210938,143.17832946777344,187.284423828125,271.1115417480469
2024-06-12,211.4347686767578,435.1761779785156,125.13965606689452,176.5349884033203,186.88999938964844,505.4136962890625,177.2899932861328,146.5572967529297,184.5574188232422,266.8179016113281
2024-06-13,212.5957946777344,435.6892395019531,129.5475311279297,173.92355346679688,183.8300018310547,500.7055969238281,182.47000122070312,164.5380096435547,186.60989379882807,267.67657470703125
2024-06-14,210.8592224121093,436.6660461425781,131.8164520263672,175.54205322265625,183.6600036621093,501.2623291015625,178.00999450683594,170.03082275390625,186.7255096435547,267.1534729003906
2024-06-17,215.00714111328125,442.38861083984375,130.91688537597656,175.98887634277344,184.0599975585937,503.7181701660156,187.44000244140625,179.2259979248047,187.8818206787109,267.6568908691406
2024-06-18,212.6453857421875,440.3857116699219,135.5146484375,173.85403442382812,182.8099975585937,496.6191711425781,184.8600006103516,176.6437225341797,189.82827758789065,270.0751342773437
2024-06-20,208.0707397460937,439.7542724609375,130.71697998046875,175.05551147460938,186.1000061035156,498.8165283203125,181.57000732421875,169.9837646484375,191.4374847412109,273.2336730957031
2024-06-21,205.8975830078125,443.7798461914063,126.50899505615234,178.36199951171875,189.0800018310547,491.936279296875,183.009994506836,162.54278564453125,189.1537933349609,271.6544189453125
2024-06-24,206.54258728027344,441.697998046875,118.0530776977539,177.95489501953125,185.57000732421875,496.0425109863281,182.5800018310547,156.5291748046875,191.639892578125,272.7204284667969
2024-06-25,207.4654541015625,444.9342651367188,126.02923583984376,182.7309417724609,186.33999633789065,507.6653747558594,187.3500061035156,155.40647888183594,190.85934448242188,269.9862670898437
2024-06-26,211.6133728027344,446.1280822753906,126.33909606933594,182.58200073242188,193.6100006103516,510.1708984375,196.3699951171875,156.508544921875,190.2426300048828,270.0553894042969
2024-06-27,212.4568634033203,446.8088989257813,123.93024444580078,184.1012115478516,197.8500061035156,516.5738525390625,197.4199981689453,155.98358154296875,191.91929626464844,263.1361999511719
2024-06-28,209.00357055664065,440.987548828125,123.48046875,180.8642120361328,193.25,501.3220520019531,197.8800048828125,157.83865356445312,194.8968048095703,259.0696105957031
2024-07-01,215.0865173339844,450.6371154785156,124.24009704589844,181.6982879638672,197.1999969482422,501.7793884277344,209.8600006103516,161.3060302734375,197.9706573486328,259.82958984375
2024-07-02,218.5795135498047,453.1531372070313,122.6108856201172,183.9324188232422,200.0,506.5716552734375,231.259994506836,162.9458465576172,201.22764587402344,264.7549743652344
2024-07-03,219.8497009277344,454.6232299804688,128.21817016601562,184.5082855224609,197.58999633789065,507.029052734375,246.38999938964844,169.99855041503906,201.0927276611328,265.505126953125
2024-07-05,224.60292053222656,461.3226318359375,125.76936340332033,189.25454711914065,200.0,536.806884765625,251.5200042724609,167.45135498046875,198.4281768798828,266.8573303222656
2024-07-08,226.07156372070312,460.020263671875,128.13819885253906,187.6956329345703,199.2899932861328,526.27783203125,252.94000244140625,171.63442993164062,198.79635620117188,262.9486389160156
2024-07-09,226.92495727539065,453.40966796875,131.3166961669922,187.64599609375,199.33999633789065,526.953857421875,262.3299865722656,170.400634765625,201.179931640625,262.0010986328125
2024-07-10,231.1919708251953,460.0301513671875,134.84500122070312,189.83045959472656,199.7899932861328,531.6168823242188,263.260009765625,171.51939392089844,201.3446502685547,259.5927124023437
2024-07-11,225.823471069336,448.6341857910156,127.33860778808594,184.2600860595703,195.0500030517578,509.7532958984375,241.02999877929688,167.7108917236328,201.0055084228516,259.1485290527344
2024-07-12,228.7706756591797,447.49951171875,129.17771911621094,183.7636108398437,194.4900054931641,496.0027770996094,248.22999572753903,167.19183349609375,198.573486328125,262.2972106933594
2024-07-15,232.60107421875,447.904052734375,128.3780975341797,185.2133026123047,192.72000122070312,493.3083801269531,252.63999938964844,168.52194213867188,203.52476501464844,264.9721374511719
2024-07-16,233.0178375244141,443.5233154296875,126.2990951538086,182.6217193603516,193.0200042724609,486.9749755859375,256.5599975585937,166.51644897460938,206.9838714599609,265.76177978515625
2024-07-17,227.1234130859375,437.6033325195313,117.9331283569336,179.74220275878906,187.92999267578125,459.334716796875,248.5,153.34298706054688,210.13287353515625,269.1670227050781
2024-07-18,222.45948791503903,434.495361328125,121.0316390991211,176.43569946289062,183.75,473.1150817871094,249.22999572753903,157.80624389648438,203.45692443847656,265.6630249023437
2024-07-19,222.5885009765625,431.2789001464844,117.8731689453125,176.40589904785156,183.1300048828125,474.0496826171875,239.1999969482422,154.6898193359375,203.2631378173828,262.0208740234375
2024-07-22,222.24118041992188,437.0310668945313,123.48046875,180.3876190185547,182.5500030517578,484.5987243652344,251.509994506836,158.3371124267578,203.74761962890625,264.2416687011719
2024-07-23,223.2831268310547,438.9156188964844,122.53092193603516,180.5067443847656,186.4100036621093,485.88128662109375,246.3800048828125,161.00128173828125,203.79605102539065,261.3595886230469
2024-07-24,216.8627777099609,423.1783447265625,114.19493103027344,171.4114227294922,180.8300018310547,458.6188354492188,215.9900054931641,148.7814178466797,202.110107421875,250.8770904541016
2024-07-25,215.8208465576172,412.8184814453125,112.22588348388672,166.0991668701172,179.85000610351562,450.8040466308594,220.25,146.73658752441406,202.18760681152344,250.4527130126953
2024-07-26,216.2872314453125,419.5967712402344,113.0055160522461,165.8211669921875,182.5,463.0234375,219.8000030517578,149.0665283203125,205.646728515625,256.0985717773437
2024-07-29,216.56509399414065,421.0373229980469,111.53621673583984,168.33326721191406,183.1999969482422,463.0333251953125,232.1000061035156,147.68035888671875,204.29991149902344,258.2108764648437
2024-07-30,217.12078857421875,417.2781372070313,103.68000030517578,169.0879364013672,181.7100067138672,460.5278625488281,222.6199951171875,141.09361267089844,208.50509643554688,259.6914367675781
2024-07-31,220.37559509277344,412.7691345214844,116.96359252929688,170.32908630371094,186.97999572753903,472.1009216308594,232.07000732421875,157.96353149414062,206.18931579589844,262.2281188964844
2024-08-01,216.68414306640625,411.545654296875,109.15736389160156,169.5546112060547,184.07000732421875,494.8792724609375,216.8600006103516,144.53445434570312,201.4996795654297,262.4847412109375
2024-08-02,218.1726531982422,403.0406494140625,107.2182846069336,165.48355102539062,167.89999389648438,485.3344421386719,207.6699981689453,141.3885955810547,192.9536895751953,263.1263122558594
2024-08-05,207.6639099121093,389.8786010742188,100.40159606933594,158.12586975097656,161.02000427246094,472.9957885742188,198.8800048828125,139.67799377441406,188.8453826904297,253.11769104003903
2024-08-06,205.6395721435547,394.2790832519531,104.19976043701172,157.17263793945312,161.92999267578125,491.2502746582031,200.63999938964844,141.48684692382812,194.1164093017578,254.9141540527344
2024-08-07,208.209716796875,393.1148376464844,98.8623275756836,157.8180694580078,162.77000427246094,486.1099853515625,191.759994506836,133.96621704101562,194.174545288086,253.19667053222656
2024-08-08,211.67291259765625,397.3179931640625,104.9194107055664,160.88624572753906,165.8000030517578,506.700927734375,198.83999633789065,143.27609252929688,197.7208251953125,256.4637756347656
2024-08-09,214.58045959472656,400.60357666015625,104.69952392578124,162.51466369628906,166.94000244140625,514.794189453125,200.0,145.75347900390625,199.4067840576172,256.9088439941406
2024-08-12,216.11038208007807,401.3830871582031,108.96745300292967,161.14439392089844,166.8000030517578,512.984619140625,197.4900054931641,146.10740661621094,199.78466796875,257.0373840332031
2024-08-13,219.8260040283203,408.4870300292969,116.0840301513672,163.00120544433594,170.22999572753906,525.502197265625,207.8300018310547,153.5199432373047,201.4803009033203,257.2747497558594
2024-08-14,220.2730407714844,411.2989807128906,118.0230941772461,159.2379608154297,170.10000610351562,523.7325439453125,201.3800048828125,155.02407836914062,203.7088317871093,258.2737121582031
2024-08-15,223.2534637451172,416.1621398925781,122.8008041381836,160.16140747070312,177.58999633789062,534.2418212890625,214.13999938964844,163.32138061523438,204.9781494140625,263.8715515136719
2024-08-16,224.57481384277344,413.6317138671875,124.51995086669922,161.8096923828125,177.05999755859375,524.388671875,216.1199951171875,162.91831970214844,207.322982788086,264.4451904296875
2024-08-19,224.41583251953125,416.65631103515625,129.93736267089844,165.4934844970703,178.22000122070312,526.238037109375,222.72000122070312,164.8746795654297,208.75701904296875,263.5451965332031
2024-08-20,225.03179931640625,419.8885192871094,127.18866729736328,165.9998779296875,178.8800048828125,523.7025756835938,221.1000061035156,163.14442443847656,207.8558959960937,265.09796142578125
2024-08-21,224.9225006103516,419.2361755371094,128.4380645751953,164.6792755126953,180.11000061035156,532.0841674804688,223.2700042724609,162.97727966308594,207.93341064453125,265.2561950683594
2024-08-22,223.0647125244141,410.7454528808594,123.68036651611328,162.64376831054688,176.1300048828125,528.872802734375,210.6600036621093,159.595458984375,209.9003448486328,264.9990234375
2024-08-23,225.359619140625,411.97113037109375,129.30764770507812,164.45089721679688,177.0399932861328,524.9652709960938,220.32000732421875,163.5474853515625,211.5281524658203,264.5045471191406
2024-08-26,225.6974029541016,408.7092590332031,126.3990478515625,164.98709106445312,175.5,518.1248168945312,213.2100067138672,156.9214324951172,212.36143493652344,265.2660522460937
2024-08-27,226.54185485839844,409.0552368164063,128.23817443847656,163.51751708984375,173.1199951171875,516.1165771484375,209.2100067138672,158.6614990234375,213.34005737304688,267.74853515625
2024-08-28,225.0119171142578,405.8526916503906,125.5494613647461,161.700439453125,170.8000030517578,513.809814453125,205.75,155.50576782226562,214.4155731201172,266.2352905273437
2024-08-29,228.2903747558593,408.3435363769531,117.5333251953125,160.6380157470703,172.1199951171875,515.2415771484375,206.27999877929688,154.2769012451172,215.3070068359375,271.3090515136719
2024-08-30,227.50555419921875,412.3171081542969,119.3124771118164,162.22671508789062,178.5,518.3138427734375,214.1100006103516,160.06735229492188,217.81655883789065,273.3365478515625
2024-09-03,221.31619262695312,404.70611572265625,107.9479522705078,156.2491912841797,176.25,508.8186645507813,210.6000061035156,150.20687866210938,213.4563446044922,275.48272705078125
2024-09-04,219.40870666503903,404.17236328125,106.1588134765625,155.34561157226562,173.3300018310547,509.7930603027344,219.4100036621093,151.51441955566406,212.51646423339844,277.4112548828125
2024-09-05,220.9287567138672,403.6682434082031,107.15834045410156,156.13006591796875,177.88999938964844,513.8893432617188,230.1699981689453,150.2364044189453,210.86929321289065,275.56182861328125
2024-09-06,219.37892150878903,397.05560302734375,102.78044891357422,149.85464477539062,171.38999938964844,497.3947143554688,210.72999572753903,134.68385314941406,205.85989379882807,276.3035583496094
2024-09-09,219.4683532714844,401.0290832519531,106.41868591308594,147.856201171875,175.39999389648438,501.8887634277344,216.2700042724609,138.43930053710938,210.07476806640625,282.4750671386719
2024-09-10,218.67355346679688,409.41107177734375,108.04788970947266,147.80648803710938,179.5500030517578,501.8887634277344,226.1699981689453,145.704345703125,199.1742401123047,282.2080383300781
2024-09-11,221.20692443847656,418.1488952636719,116.85365295410156,150.29214477539062,184.5200042724609,508.8882446289063,228.1300048828125,155.59426879882812,200.79237365722656,280.8432006835937
2024-09-12,221.31619262695312,422.0630798339844,119.0927734375,153.80189514160156,187.0,522.5791625976562,229.8099975585937,161.77792358398438,200.18194580078125,282.2377319335937
2024-09-13,221.04795837402344,425.6115417480469,119.05278778076172,156.5559539794922,186.4900054931641,521.6047973632812,230.2899932861328,164.85501098632812,197.9727783203125,284.1960144042969
2024-09-16,214.90830993652344,426.3529052734375,116.73371124267578,157.1525115966797,184.88999938964844,530.7208862304688,226.77999877929688,161.2470703125,201.40280151367188,287.29168701171875
2024-09-17,215.37521362304688,430.1188354492188,115.54417419433594,158.40530395507812,186.8800048828125,533.7462158203125,227.8699951171875,159.7232666015625,202.7496032714844,288.3598022460937
2024-09-18,219.249755859375,425.82904052734375,113.32505798339844,158.89248657226562,186.42999267578125,535.3683471679688,227.1999969482422,158.93678283691406,201.08303833007807,285.31365966796875
2024-09-19,227.3763732910156,433.6179504394531,117.82328033447266,161.2091064453125,189.8699951171875,556.4169311523438,243.9199981689453,165.1309051513672,203.9413909912109,282.109130859375
2024-09-20,226.7107391357422,430.2374267578125,115.95401763916016,162.65074157714844,191.6000061035156,558.6560668945312,238.25,168.7606201171875,204.53244018554688,281.6443176269531
2024-09-23,224.99205017089844,428.4978332519531,116.2139129638672,160.92076110839844,193.8800048828125,561.701416015625,250.0,170.575439453125,204.87158203125,285.4619445800781
2024-09-24,225.8861694335937,424.2080078125,120.82209014892578,161.35821533203125,193.9600067138672,560.6266479492188,254.2700042724609,172.449462890625,205.01690673828125,269.7859191894531
2024-09-25,224.8927001953125,427.114013671875,123.46104431152344,160.56283569335938,192.52999877929688,565.5827026367188,257.0199890136719,173.12017822265625,203.6604156494141,266.6705017089844
2024-09-26,226.03518676757807,426.3232727050781,123.9908218383789,161.7957000732422,191.1600036621093,565.1151123046875,254.22000122070312,175.655029296875,203.2631378173828,268.7078857421875
2024-09-27,226.30340576171875,423.0712585449219,121.35187530517578,163.00869750976562,187.97000122070312,564.6372680664062,260.4599914550781,170.328857421875,203.9607696533203,272.14971923828125
2024-09-30,231.4794158935547,425.3249206542969,121.3918685913086,164.8978271484375,186.3300018310547,569.69287109375,261.6300048828125,170.1414794921875,204.30960083007807,271.9320678710937
2024-10-01,224.73374938964844,415.8260498046875,116.95361328125,166.03123474121094,185.1300048828125,573.7034912109375,258.0199890136719,165.1802520751953,200.6082458496093,274.5530090332031
2024-10-02,225.30001831054688,412.3071899414063,118.80289459228516,164.9077606201172,184.759994506836,570.0610961914062,249.0200042724609,168.32659912109375,200.8504943847656,273.95965576171875
2024-10-03,224.197265625,411.72406005859375,122.80130767822266,164.9077606201172,181.9600067138672,579.9733276367188,240.6600036621093,169.53977966308594,198.8544769287109,273.8211364746094
2024-10-04,225.3199005126953,411.2495727539063,124.87047576904295,166.10084533691406,186.509994506836,593.080078125,250.0800018310547,174.22483825683594,205.9125823974609,274.87939453125
2024-10-07,220.2432556152344,404.804931640625,127.66937255859376,162.0442657470703,180.8000030517578,581.9737548828125,240.8300018310547,172.6862030029297,205.62985229492188,270.78485107421875
2024-10-08,224.296615600586,409.9152221679688,132.83731079101562,163.4362335205078,182.72000122070312,590.0447998046875,244.5,178.25892639160156,205.45437622070312,271.9420471191406
2024-10-09,228.04202270507807,412.6333618164063,132.597412109375,160.9307098388672,185.1699981689453,587.6762084960938,241.0500030517578,183.4075469970703,208.05728149414065,273.8903503417969
2024-10-10,227.5452575683593,411.0320739746094,134.75656127929688,161.14942932128906,186.6499938964844,581.0282592773438,238.7700042724609,183.15109252929688,207.49185180664065,274.4244689941406
2024-10-11,226.0650177001953,411.5065612792969,134.74656677246094,162.30279541015625,188.82000732421875,587.1189575195312,217.8000030517578,178.9986572265625,216.7043914794922,274.79034423828125
2024-10-14,229.79052734375,414.2939453125,138.01527404785156,164.0128936767578,187.5399932861328,587.5865478515625,219.1600036621093,179.8173370361328,215.914779663086,277.59918212890625
2024-10-15,232.3238677978516,413.8985595703125,131.54783630371094,164.51004028320312,187.69000244140625,583.45654296875,219.57000732421875,173.57386779785156,216.8018798828125,276.2245178222656
2024-10-16,230.2673797607422,411.3088684082031,135.6662139892578,164.21176147460938,186.88999938964844,574.0220336914062,221.3300018310547,174.40240478515625,218.0204925537109,284.3641052246094
2024-10-17,230.63497924804688,411.9019470214844,136.87570190429688,161.99456787109375,187.52999877929688,574.1613159179688,220.88999938964844,179.04800415039062,218.7808837890625,287.2026672363281
2024-10-18,233.46636962890625,413.3253173828125,137.94529724121094,162.4817352294922,188.9900054931641,573.7034912109375,220.6999969482422,177.43040466308594,219.70700073242188,287.4301147460937
2024-10-21,234.93670654296875,413.9381408691406,143.6530303955078,163.1280059814453,189.07000732421875,572.3997802734375,218.8500061035156,177.529052734375,217.3965606689453,283.7015380859375
2024-10-22,234.3207855224609,422.5672302246094,143.5330810546875,164.19187927246094,189.6999969482422,579.2169799804688,217.97000122070312,176.92739868164062,218.4884033203125,281.66412353515625
2024-10-23,229.2540435791016,419.69085693359375,139.50466918945312,161.84539794921875,184.7100067138672,560.9849243164062,213.6499938964844,171.1376495361328,217.7962646484375,280.6453857421875
2024-10-24,229.0653076171875,419.8193359375,140.35433959960938,161.78575134277344,186.3800048828125,565.0553588867188,260.4800109863281,169.00718688964844,219.3267974853516,280.111328125
2024-10-25,229.8998107910156,423.1997680664063,141.48388671875,164.3211212158203,187.8300018310547,570.4989624023438,269.19000244140625,170.63462829589844,216.7238922119141,278.6376953125
2024-10-28,231.8768310546875,421.6578063964844,140.4643096923828,165.7628173828125,188.38999938964844,575.385498046875,262.510009765625,169.6680450439453,219.833740234375,281.0706787109375
2024-10-29,232.1450653076172,426.9559020996094,141.19400024414062,168.70578002929688,190.8300018310547,590.4329223632812,259.5199890136719,176.789306640625,217.299057006836,278.7860717773437
2024-10-30,228.59835815429688,427.5291442871094,139.28475952148438,173.45835876464844,192.72999572753903,588.9599609375,257.54998779296875,174.22483825683594,218.7711334228516,286.9751281738281
2024-10-31,224.4357147216797,401.6518859863281,132.70736694335938,170.12759399414062,186.3999938964844,564.856201171875,249.8500061035156,167.44879150390625,216.3436889648437,286.6685485839844
2024-11-01,221.4552764892578,405.6253662109375,135.34632873535156,170.30654907226562,197.92999267578125,564.438232421875,248.97999572753903,166.61038208007812,217.3380889892578,287.5487670898437
2024-11-04,220.5611267089844,403.7373962402344,135.99607849121094,168.26834106445312,195.77999877929688,557.9893798828125,242.83999633789065,166.24546813964844,214.25747680664065,288.6466064453125
2024-11-05,221.9917449951172,406.7027282714844,139.8545379638672,168.76547241210938,199.5,569.6829223632812,251.44000244140625,171.52230834960938,215.92449951171875,290.0708312988281
2024-11-06,221.2665252685547,415.3218994140625,145.55230712890625,175.49659729003906,207.08999633789065,569.3047485351562,288.5299987792969,177.09507751464844,240.8519897460937,304.02593994140625
2024-11-07,225.9954528808593,420.51123046875,148.8209991455078,179.7122344970703,210.0500030517578,588.8604736328125,296.9100036621094,181.2968139648437,230.4403533935547,302.4434814453125
2024-11-08,225.7269287109375,417.6546630859375,147.57144165039062,177.32603454589844,208.17999267578125,586.5117797851562,321.2200012207031,181.129135131836,231.02528381347656,304.4907531738281
2024-11-11,223.01174926757807,413.1770324707031,145.20240783691406,179.31454467773438,206.83999633789065,580.3714599609375,350.0,176.46380615234375,233.2772216796875,307.50732421875
2024-11-12,223.01174926757807,418.1389770507813,148.23118591308594,180.57725524902344,208.9100036621093,582.013427734375,328.489990234375,173.8105926513672,233.5404510498047,307.0316467285156
2024-11-13,223.8969116210937,420.283935546875,146.2120361328125,177.8529815673828,214.1000061035156,577.2166137695312,330.239990234375,171.20668029785156,235.10025024414065,306.6650390625
2024-11-14,226.98008728027344,421.954345703125,146.7018280029297,174.57191467285156,211.47999572753903,574.3902587890625,311.17999267578125,168.05043029785156,235.7924041748047,305.4462280273437
2024-11-15,223.777572631836,410.2018127441406,141.92369079589844,171.4996795654297,202.6100006103516,551.4210205078125,320.7200012207031,162.586181640625,239.14596557617188,306.8235778808594
2024-11-18,226.7811737060547,410.9530334472656,140.0944366455078,174.2935333251953,201.6999969482422,551.7395629882812,338.739990234375,163.4048309326172,238.8729858398437,309.3206481933594
2024-11-19,227.03973388671875,412.9595947265625,146.95172119140625,177.0973358154297,204.6100006103516,558.3974609375,346.0,163.08921813964844,236.9817352294922,309.0134582519531
2024-11-20,227.75582885742188,410.6861267089844,145.83216857910156,174.96961975097656,202.8800048828125,562.80615234375,342.0299987792969,161.0179443359375,234.72979736328125,304.5940246582031
2024-11-21,227.2784423828125,408.913330078125,146.6118621826172,166.66758728027344,198.3800048828125,560.3877563476562,339.6400146484375,161.698486328125,238.6097869873047,307.08123779296875
2024-11-22,228.62110900878903,413.0037231445313,141.8937225341797,163.8140411376953,197.1199951171875,556.4567260742188,352.5599975585937,161.98452758789062,242.3045654296875,307.1009826660156
2024-11-25,231.6048126220703,414.7765808105469,135.96607971191406,166.6874542236328,201.4499969482422,562.3980712890625,338.5899963378906,162.56646728515625,244.0008239746093,310.3412780761719
2024-11-26,233.7829132080078,423.888427734375,136.86570739746094,168.14901733398438,207.8600006103516,570.78759765625,338.2300109863281,162.48756408691406,243.68885803222656,308.9837646484375
2024-11-27,233.65362548828125,418.9363403320313,135.28634643554688,168.2583770751953,205.7400054931641,566.468505859375,332.8900146484375,157.48687744140625,243.51339721679688,311.8375244140625
2024-11-29,236.04058837890625,419.4018249511719,138.19520568847656,167.97998046875,207.88999938964844,571.5638427734375,345.1600036621094,159.86392211914062,243.4451599121093,312.2140808105469
2024-12-02,238.28829956054688,426.8498229980469,138.57504272460938,170.5054168701172,210.7100067138672,589.9850463867188,357.0899963378906,164.2333526611328,240.0623474121093,313.7698059082031
2024-12-03,241.3316650390625,427.0676574707031,140.20440673828125,170.3562774658203,213.44000244140625,610.7052001953125,351.4200134277344,165.85092163085938,238.6682891845703,310.16290283203125
2024-12-04,241.6897125244141,433.2280578613281,145.08245849609375,173.36886596679688,218.1600036621093,610.8345336914062,357.92999267578125,168.2279815673828,237.2839508056641,307.08123779296875
2024-12-05,241.7195587158203,438.3782043457031,145.0124969482422,171.6488037109375,220.5500030517578,606.0078125,369.489990234375,168.13922119140625,239.3116912841797,306.2686462402344
2024-12-06,241.5206298828125,439.3191223144531,142.3933563232422,173.70692443847656,227.02999877929688,620.7765502929688,389.2200012207031,177.0753631591797,241.1444549560547,308.1810913085937
2024-12-09,245.40939331054688,441.74560546875,138.76454162597656,174.56295776367188,226.08999633789065,610.6255493164062,389.7900085449219,176.49342346191406,237.6836395263672,305.4957580566406
2024-12-10,246.4238739013672,439.0813903808594,135.0257568359375,184.31787109375,225.0399932861328,616.347900390625,400.989990234375,169.46087646484375,236.75750732421875,309.5386657714844
2024-12-11,245.1508178710937,444.6871643066406,139.26437377929688,194.5007781982422,230.259994506836,629.6437377929688,424.7699890136719,180.6951446533203,237.4106903076172,310.9358215332031
2024-12-12,246.61285400390625,445.2516784667969,137.29501342773438,191.0766143798828,228.97000122070312,627.7628173828125,418.1000061035156,178.18988037109375,235.46095275878903,311.371826171875
2024-12-13,246.7819061279297,442.9836120605469,134.20602416992188,188.9464874267578,227.4600067138672,617.3729858398438,436.2300109863281,221.7263641357422,233.9109039306641,311.8771667480469
2024-12-16,249.67608642578125,447.2622375488281,131.95675659179688,195.7550048828125,232.92999267578125,621.7454223632812,463.0199890136719,246.5818328857422,233.55992126464844,313.0167541503906
2024-12-17,252.1028289794922,450.104736328125,130.3472900390625,194.5207061767578,231.1499938964844,616.9646606445312,479.8599853515625,236.9454040527344,232.3705902099609,315.4047546386719
2024-12-18,246.70233154296875,433.1983642578125,128.86778259277344,187.5330047607422,220.5200042724609,594.8035888671875,440.1300048828125,220.56251525878903,224.58135986328125,306.9622802734375
2024-12-19,248.4328765869141,432.841796875,130.63719177246094,187.6424865722656,223.2899932861328,593.1900024414062,436.1700134277344,215.3350067138672,227.1062927246093,312.0158996582031
2024-12-20,253.1073760986328,432.4159240722656,134.65586853027344,190.52915954589844,224.9199981689453,582.9112548828125,421.05999755859375,217.7711944580078,231.6297149658203,314.82012939453125
2024-12-23,253.88311767578125,431.078857421875,139.62423706054688,193.7343292236328,225.0599975585937,597.4528198242188,430.6000061035156,229.7871856689453,232.3998565673828,314.33465576171875
2024-12-24,256.7972106933594,435.1196899414063,140.174072265625,195.20753479003903,229.0500030517578,605.3213500976562,462.2799987792969,237.03631591796875,236.2213592529297,317.7333984375
2024-12-26,257.6127319335937,433.9114379882813,139.8841552734375,194.6998748779297,227.0500030517578,600.9389038085938,454.1300048828125,242.6536865234375,237.03048706054688,317.9910888671875
2024-12-27,254.2013702392578,426.4040832519531,136.96511840820312,191.8729248046875,223.75,597.4130859375,431.6600036621094,239.08349609375,235.1100006103516,315.7615051269531
2024-12-30,250.82980346679688,420.7586975097656,137.4449462890625,190.3599395751953,221.3000030517578,588.877197265625,417.4100036621094,232.9815673828125,233.3064727783203,312.4419860839844
2024-12-31,249.0594787597656,417.4606018066406,134.2460174560547,188.42886352539065,219.38999938964844,583.170166015625,403.8399963378906,229.2827911376953,233.6866912841797,313.16534423828125
2025-01-02,242.52517700195312,414.568603515625,138.2646942138672,188.5582733154297,220.22000122070312,596.8453369140625,379.2799987792969,229.42124938964844,233.96939086914065,311.540283203125
2025-01-03,242.03781127929688,419.29290771484375,144.4226837158203,190.90740966796875,224.19000244140625,602.2138061523438,410.4400024414063,229.9849853515625,237.1669921875,312.0456237792969
2025-01-06,243.66891479492188,423.7497863769531,149.3810577392578,195.9640350341797,227.6100006103516,627.681640625,411.0499877929688,233.80239868164065,236.0106964111328,310.1926574707031
2025-01-07,240.8940887451172,418.3222961425781,140.09410095214844,194.59039306640625,222.1100006103516,615.4207763671875,394.3599853515625,226.1181030273437,238.2840576171875,308.8351135253906
2025-01-08,241.38140869140625,420.49127197265625,140.06410217285156,193.0574645996093,222.1300048828125,608.2793579101562,394.9400024414063,226.7807159423828,238.244873046875,309.75665283203125
2025-01-10,235.5631866455078,414.9350280761719,135.86549377441406,191.15625,218.94000244140625,613.39892578125,394.739990234375,221.8358612060547,235.05035400390625,304.9111328125
2025-01-13,233.12649536132807,413.1919555664063,133.18637084960938,190.1309814453125,218.4600067138672,605.89892578125,403.30999755859375,222.80503845214844,239.3031616210937,304.1283264160156
2025-01-14,232.0125732421875,411.6864929199219,131.71682739257812,188.7872009277344,217.759994506836,591.8753051757812,396.3599853515625,222.2215576171875,242.4976806640625,306.278564453125
2025-01-15,236.57763671875,422.2244873046875,136.1953887939453,194.65011596679688,223.3500061035156,614.6538696289062,428.2200012207031,225.4851531982422,247.2796173095703,313.4031982421875
2025-01-16,227.0198669433593,420.5110778808594,133.5262451171875,192.02227783203125,220.6600036621093,608.857177734375,413.8200073242188,226.879623413086,249.1610565185547,314.3643493652344
2025-01-17,228.73049926757807,424.91845703125,137.66490173339844,195.0980224609375,225.94000244140625,610.3212890625,426.5,234.821029663086,253.95278930664065,316.7127685546875
2025-01-21,221.430404663086,424.3935546875,140.78387451171875,197.1386108398437,230.7100067138672,613.9965209960938,424.0700073242188,237.6593780517578,257.7450256347656,320.6863098144531
2025-01-22,222.61392211914065,441.9239196777344,147.02183532714844,197.4571228027344,235.009994506836,621.0084228515625,415.1099853515625,238.25274658203125,257.558837890625,320.6169738769531
2025-01-23,222.44485473632807,442.4289855957031,147.17178344726562,197.0689239501953,235.4199981689453,633.9066772460938,412.3800048828125,237.6297149658203,260.6064147949219,325.2246398925781
2025-01-24,221.5696258544922,439.804443359375,142.5732879638672,199.2886657714844,234.8500061035156,644.902587890625,406.5799865722656,242.0009613037109,259.5186462402344,327.19659423828125
2025-01-27,228.6111755371093,430.39544677734375,118.38121032714844,190.92730712890625,235.4199981689453,657.2430419921875,397.1499938964844,199.9005126953125,260.50836181640625,331.4970703125
2025-01-28,236.9655303955078,442.9143371582031,128.94775390625,194.4012451171875,238.1499938964844,671.63525390625,398.0899963378906,205.0728302001953,261.7724304199219,331.4376525878906
2025-01-29,238.0595703125,438.0909423828125,123.65947723388672,194.51075744628903,237.07000732421875,673.78662109375,389.1000061035156,204.073959350586,261.22369384765625,332.8249206542969
2025-01-30,236.2991638183593,411.0130004882813,124.6091766357422,199.94561767578125,234.63999938964844,684.254638671875,400.2799987792969,213.28128051757807,262.8405456542969,339.9296569824219
2025-01-31,234.71780395507807,411.0823364257813,120.03067016601562,203.08111572265625,237.67999267578125,686.4259643554688,404.6000061035156,218.8293914794922,261.9292297363281,338.6910400390625
2025-02-03,226.77120971679688,406.9819946289063,116.62179565429688,200.303955078125,237.4199981689453,694.6728515625,383.6799926757813,215.3284454345703,261.4490661621094,342.67449951171875
2025-02-04,231.5352020263672,408.4181213378906,118.6111297607422,205.43028259277344,242.0599975585937,701.3759155273438,392.2099914550781,219.97659301757807,262.5563659667969,342.0105895996094
2025-02-05,231.2069854736328,409.3293151855469,124.78911590576172,190.4495086669922,236.1699981689453,702.05322265625,378.1700134277344,229.4410400390625,264.996337890625,346.26153564453125
2025-02-06,231.95291137695312,411.8350524902344,128.63787841796875,190.71829223632807,238.8300018310547,709.144775390625,374.3200073242188,228.80810546875,271.3363647460937,344.31939697265625
2025-02-07,226.39328002929688,405.8232116699219,129.79747009277344,184.48709106445312,229.1499938964844,711.6646118164062,361.6199951171875,222.38967895507807,270.2584228515625,344.8544616699219
2025-02-10,226.66207885742188,408.2695617675781,133.5262451171875,185.61187744140625,233.13999938964844,714.533203125,350.7300109863281,232.447494506836,265.5941162109375,348.0352783203125
2025-02-11,231.61053466796875,407.49700927734375,132.75650024414062,184.46717834472656,232.759994506836,716.9235229492188,328.5,232.447494506836,269.4646911621094,348.1146850585937
2025-02-12,235.84210205078125,405.1200256347656,131.0970458984375,182.7650451660156,228.92999267578125,722.4812622070312,336.510009765625,233.7430725097656,269.9154663085937,348.8789367675781
2025-02-13,240.4818725585937,406.6056823730469,135.24566650390625,185.28341674804688,230.3699951171875,725.6485595703125,355.94000244140625,233.1991271972656,270.7679443359375,352.9881896972656
2025-02-14,243.5385589599609,404.5158386230469,138.8045196533203,184.37759399414065,228.67999267578125,733.72607421875,355.8399963378906,230.4695587158203,271.0325927734375,351.1817321777344
2025-02-18,243.4091339111328,405.7142639160156,139.35433959960938,182.92431640625,226.6499938964844,713.50732421875,354.1099853515625,226.00930786132807,274.3250732421875,354.0800476074219
2025-02-19,243.807357788086,410.7951354980469,139.1844024658203,184.4174194335937,226.6300048828125,700.9576416015625,360.55999755859375,226.2071075439453,273.6391296386719,352.5911865234375
2025-02-20,244.76321411132807,412.9684753417969,140.06410217285156,183.710678100586,222.8800048828125,692.063232421875,354.3999938964844,224.23907470703125,261.43927001953125,347.8863830566406
2025-02-21,244.48443603515625,405.1086730957031,134.38595581054688,178.83323669433594,216.5800018310547,680.818359375,337.79998779296875,216.2481842041016,258.93072509765625,345.9409484863281
2025-02-24,246.0277099609375,400.9306335449219,130.23733520507812,178.42510986328125,212.7100067138672,665.4600219726562,330.5299987792969,205.6365203857422,256.0889892578125,347.26104736328125
2025-02-25,245.9679718017578,394.876953125,126.5885238647461,174.61273193359375,212.8000030517578,654.8724975585938,302.79998779296875,200.3059844970703,252.22813415527344,349.4744873046875
2025-02-26,239.31695556640625,396.6930847167969,131.23699951171875,171.9351043701172,214.3500061035156,671.0077514648438,290.79998779296875,210.59127807617188,253.59022521972656,348.0253601074219
2025-02-27,236.270248413086,389.54779052734375,120.11064910888672,167.72459411621094,208.7400054931641,655.6095581054688,281.95001220703125,195.61827087402344,253.844970703125,353.0973815917969
2025-02-28,240.79054260253903,393.973876953125,124.87907409667967,169.4963836669922,212.27999877929688,665.52978515625,292.9800109863281,197.23028564453125,259.3324890136719,360.015625
2025-03-03,236.9970703125,385.5384521484375,114.02263641357422,166.24143981933594,205.0200042724609,652.4323120117188,284.6499938964844,185.3033142089844,255.38345336914065,359.1322631835937
2025-03-04,234.9061737060547,385.6575317382813,115.9520034790039,170.13343811035156,203.8000030517578,637.4424438476562,272.0400085449219,185.4120941162109,245.2218017578125,349.61346435546875
2025-03-05,234.7169952392578,397.9732360839844,117.26158142089844,172.22378540039062,208.3600006103516,653.8465576171875,279.1000061035156,189.4668731689453,246.47608947753903,350.06011962890625
2025-03-06,234.30877685546875,393.8746643066406,110.53378295898438,171.55686950683594,200.6999969482422,625.4207153320312,263.45001220703125,177.4706573486328,241.5863494873047,341.6033935546875
2025-03-07,238.0325622558593,390.3218383789063,112.6530990600586,173.05992126464844,199.25,623.1597290039062,262.6700134277344,192.80958557128903,237.4119415283203,342.7547912597656
2025-03-10,226.4928436279297,377.2717590332031,106.94495391845705,165.2968292236328,194.5399932861328,595.600341796875,222.1499938964844,182.41549682617188,227.5540771484375,338.943359375
2025-03-11,219.8816680908203,377.5595703125,108.72437286376952,163.47314453125,196.58999633789065,603.2894287109375,230.5800018310547,187.99331665039065,224.5359802246093,329.6727294921875
2025-03-12,216.0384063720703,380.3581237792969,115.71273040771484,166.53256225585938,198.88999938964844,617.0840454101562,248.08999633789065,192.087631225586,223.3208770751953,330.36749267578125
2025-03-13,208.77008056640625,375.8923034667969,115.55277252197266,162.1975860595703,193.88999938964844,588.2796630859375,240.67999267578125,189.24929809570312,220.6653289794922,326.109375
2025-03-14,212.5635528564453,385.6079406738281,121.6413345336914,164.91815185546875,197.9499969482422,605.7103271484375,249.97999572753903,193.38319396972656,227.7696533203125,329.335205078125
2025-03-17,213.07135009765625,385.7468872070313,119.50183868408205,163.7222900390625,195.7400054931641,603.0187377929688,238.009994506836,192.35467529296875,229.229721069336,332.06475830078125
2025-03-18,211.7670288085937,380.6062316894531,115.4028091430664,160.11480712890625,192.82000732421875,580.5487670898438,225.3099975585937,186.5889587402344,230.2488250732422,332.2831726074219
2025-03-19,214.30596923828125,384.8735656738281,117.4923095703125,163.3236846923828,195.5399932861328,582.2435913085938,235.8600006103516,193.41287231445312,234.30563354492188,337.34527587890625
2025-03-20,213.17091369628903,383.9010314941406,118.50206756591795,162.23745727539062,194.9499969482422,584.1774291992188,236.259994506836,189.0085601806641,234.2076416015625,336.9780578613281
2025-03-21,217.3228302001953,388.2874145507813,117.6722640991211,163.42335510253906,196.2100067138672,594.3956298828125,248.7100067138672,190.1195526123047,236.7749938964844,333.1665954589844
2025-03-24,219.7721405029297,390.0935668945313,121.38140106201172,167.1005859375,203.259994506836,616.92529296875,278.3900146484375,189.7128448486328,243.0758209228516,341.3155822753906
2025-03-25,222.77902221679688,392.1578063964844,120.66156768798828,169.9706268310547,205.7100067138672,624.3621215820312,288.1400146484375,186.74685668945312,246.0841217041016,342.0599975585937
2025-03-26,220.5686798095703,387.0072326660156,113.7332000732422,164.4896240234375,201.1300048828125,609.0797729492188,272.0599975585937,177.8291473388672,245.9861297607422,341.6232604980469
2025-03-27,222.8786163330078,387.6125793457031,111.40375518798828,161.67938232421875,201.3600006103516,600.7059936523438,273.1300048828125,170.60765075683594,243.1345977783203,347.26104736328125
2025-03-28,216.9544219970703,375.9220886230469,109.6441650390625,153.7967071533203,192.72000122070312,574.9463500976562,263.54998779296875,167.76071166992188,237.9705047607422,340.3031921386719
2025-03-31,221.1660614013672,372.5379943847656,108.35446166992188,154.10565185546875,190.259994506836,574.5675048828125,259.1600036621094,166.08428955078125,240.37127685546875,347.85662841796875
2025-04-01,222.2214508056641,379.2863464355469,110.12405395507812,156.52725219726562,192.1699981689453,584.1774291992188,268.4599914550781,167.16554260253906,238.76422119140625,343.77716064453125
2025-04-02,222.91842651367188,379.2367248535156,110.39398193359376,156.49734497070312,196.009994506836,582.1138916015625,282.760009765625,170.70684814453125,240.88082885742188,343.7572631835937
2025-04-03,202.30825805664065,370.2752990722656,101.7760238647461,150.19920349121094,178.41000366210938,529.9666137695312,267.2799987792969,152.77215576171875,224.0950164794922,336.8688659667969
2025-04-04,187.56253051757807,357.10614013671875,94.28778076171876,145.09689331054688,171.0,503.1602783203125,239.42999267578125,145.11419677734375,207.32411193847656,310.8039245605469
2025-04-07,180.6725616455078,355.1412048339844,97.6169891357422,146.242919921875,175.25999450683594,514.6444702148438,233.2899932861328,152.90110778808594,211.42564392089844,309.9999694824219
2025-04-08,171.6717987060547,351.8662414550781,96.27731323242188,144.19998168945312,170.66000366210938,508.8624877929688,221.8600006103516,154.77590942382812,213.8214569091797,305.97998046875
2025-04-09,197.98709106445312,387.5232543945313,114.30307006835938,158.16159057617188,191.1000061035156,583.9482421875,272.20001220703125,183.661865234375,231.0458984375,329.96051025390625
2025-04-10,189.5936737060547,378.4526977539063,107.5446548461914,152.2919464111328,181.22000122070312,544.5910034179688,252.3999938964844,170.91514587402344,223.9175262451172,322.1986389160156
2025-04-11,197.2901306152344,385.498779296875,110.90386962890624,156.59701538085938,184.8699951171875,541.8794555664062,252.3099975585937,180.4776763916016,232.87974548339844,330.9233703613281
2025-04-14,201.6411590576172,384.8636474609375,110.68392181396484,158.5203399658203,182.1199951171875,529.8270874023438,252.3500061035156,176.9264373779297,231.42056274414065,332.69012451171875
2025-04-15,201.2628173828125,382.7994384765625,112.1735610961914,155.76986694335938,179.58999633789062,519.8980712890625,254.1100006103516,177.51171875,229.85292053222656,333.3154602050781
2025-04-16,193.4269561767578,368.7866821289063,104.46538543701172,152.8001708984375,174.3300018310547,500.7477722167969,241.5500030517578,173.20657348632812,226.3824005126953,328.86871337890625
2025-04-17,196.12521362304688,364.9858093261719,101.46607971191406,150.63766479492188,172.61000061035156,499.92041015625,241.3699951171875,169.6156768798828,228.69937133789065,327.1614990234375
2025-04-21,192.32177734375,356.3916320800781,96.88717651367188,147.1597137451172,167.32000732421875,483.1526794433594,227.5,164.8740997314453,225.7711181640625,317.7221374511719
2025-04-22,198.87322998046875,364.0331115722656,98.86669921875,150.94659423828125,173.17999267578125,498.7240905761719,237.97000122070312,168.21701049804688,232.27833557128903,328.9382019042969
2025-04-23,203.71212768554688,371.5456237792969,102.68579864501952,154.81320190429688,180.6000061035156,518.6519775390625,250.7400054931641,175.48809814453125,237.4939727783203,331.8861389160156
2025-04-24,207.4657592773437,384.35748291015625,106.40491485595705,158.72959899902344,186.5399932861328,531.4918212890625,259.510009765625,186.63775634765625,241.2011108398437,333.2161560058594
2025-04-25,208.371826171875,388.8729553222656,110.98385620117188,161.40036010742188,188.9900054931641,545.5679321289062,284.95001220703125,190.76431274414065,240.1264495849609,332.6802062988281
2025-04-28,209.22808837890625,388.1882019042969,108.7043914794922,160.0550079345703,187.6999969482422,548.0302124023438,285.8800048828125,190.92303466796875,239.8010711669922,335.0028076171875
2025-04-29,210.29347229003903,391.0462951660156,108.99430847167967,159.60658264160156,187.38999938964844,552.7156372070312,292.0299987792969,189.63348388671875,241.181381225586,338.9830017089844
2025-04-30,211.57785034179688,392.2570495605469,108.8943328857422,158.2512664794922,184.4199981689453,547.2926025390625,282.1600036621094,190.92303466796875,241.181381225586,342.9334411621094
2025-05-01,212.3943023681641,422.16802978515625,111.58370208740234,160.74264526367188,190.1999969482422,570.430419921875,280.5199890136719,195.7439880371093,243.41949462890625,339.9061584472656
2025-05-02,204.4588928222656,431.9729919433594,114.47303009033205,163.4632110595703,189.97999572753903,595.1632080078125,287.2099914550781,202.0032653808593,248.9604949951172,345.0178527832031
2025-05-05,198.02691650390625,432.8562622070313,113.79318237304688,163.642578125,186.3500061035156,597.40625,280.260009765625,199.10675048828125,249.00978088378903,346.0501403808594
2025-05-06,197.6485595703125,430.0179443359375,113.51325988769533,162.66595458984375,185.009994506836,585.4834594726562,275.3500061035156,198.4817810058593,245.74630737304688,345.1171569824219
2025-05-07,195.3983612060547,430.0576477050781,117.0324249267578,150.85691833496094,188.7100067138672,594.953857421875,276.2200012207031,203.1638641357422,245.88433837890625,347.2511291503906
2025-05-08,196.63299560546875,434.841064453125,117.34235382080078,153.7468719482422,192.0800018310547,596.150146484375,284.82000732421875,206.10006713867188,249.906982421875,348.6605834960937
2025-05-09,197.66848754882807,435.3967590332031,116.62252044677734,152.22218322753906,193.0599975585937,590.6473999023438,298.260009765625,206.526611328125,249.52249145507807,349.921142578125
2025-05-12,210.1504821777344,445.8467712402344,122.97102355957033,157.91244506835938,208.63999938964844,637.4412841796875,318.3800048828125,219.799057006836,256.3944702148437,353.2065734863281
2025-05-13,212.28399658203125,445.7276916503906,129.89938354492188,158.97874450683594,211.3699951171875,653.98974609375,334.07000732421875,230.55194091796875,259.3129272460937,354.0815124511719
2025-05-14,211.68582153320312,449.4988098144531,135.30810546875,164.79855346679688,210.25,657.3093872070312,347.67999267578125,230.2543487548828,261.90594482421875,354.3996276855469
2025-05-15,210.8085021972656,450.512939453125,134.79824829101562,163.39344787597656,205.1699981689453,641.8775024414062,342.82000732421875,230.77017211914065,263.7298889160156,360.20587158203125
2025-05-16,210.6190795898437,451.6463623046875,135.36810302734375,165.61572265625,205.58999633789065,638.3485107421875,349.9800109863281,226.7725524902344,263.7989196777344,363.0096130371094
2025-05-19,208.14659118652344,456.2197570800781,135.53805541992188,165.96450805664062,206.1600036621093,638.438232421875,342.0899963378906,228.7763519287109,261.1566162109375,365.77349853515625
2025-05-20,206.232421875,455.5238342285156,134.3483428955078,163.41336059570312,204.07000732421875,635.1185913085938,343.82000732421875,229.81788635253903,261.9453430175781,364.71966552734375
2025-05-21,201.4768981933593,449.9561462402344,131.76895141601562,167.9775390625,201.1199951171875,633.5235595703125,334.6199951171875,227.88357543945312,257.3705749511719,356.22900390625
2025-05-22,200.7491149902344,452.2329406738281,132.7987060546875,170.27955627441406,203.1000061035156,634.5902099609375,341.0400085449219,228.67713928222656,257.0057983398437,355.9009094238281
2025-05-23,194.6775665283203,447.5799865722656,131.25906372070312,167.88784790039062,200.9900054931641,625.1097412109375,339.3399963378906,226.8816680908203,257.04522705078125,351.4965209960937
2025-05-27,199.60260009765625,458.02923583984375,135.4680633544922,172.30255126953125,206.0200042724609,640.3223876953125,362.8900146484375,233.75596618652344,261.56085205078125,357.22320556640625
2025-05-28,199.8119659423828,454.718505859375,134.7782440185547,171.764404296875,204.72000122070312,641.5784301757812,356.8999938964844,237.50558471679688,259.7861328125,357.6507263183594
2025-05-29,199.34336853027344,456.0308837890625,139.15721130371094,171.26614379882812,205.6999969482422,643.0438842773438,358.42999267578125,240.0251922607422,260.6537780761719,360.3052978515625
2025-05-30,200.2406616210937,457.7011413574219,135.09817504882812,171.1465606689453,205.009994506836,645.476318359375,346.4599914550781,240.12437438964844,260.2890014648437,363.0791931152344
2025-06-02,201.08807373046875,459.3018798828125,137.34764099121094,168.4459228515625,206.6499938964844,668.8134155273438,342.69000244140625,246.7110137939453,260.939697265625,363.20843505859375
2025-06-03,202.6533203125,460.2961120605469,141.1867218017578,165.6057586669922,205.7100067138672,664.7760620117188,344.2699890136719,254.7855834960937,262.52703857421875,363.7453002929688
2025-06-04,202.2046813964844,461.1908874511719,141.88656616210938,167.4693145751953,207.22999572753903,685.8104858398438,332.04998779296875,258.9815673828125,260.5058898925781,365.8729553222656
2025-06-05,200.0213165283203,464.9788818359375,139.95703125,167.62875366210938,207.9100036621093,682.49072265625,284.70001220703125,257.8408508300781,258.267822265625,364.6500549316406
2025-06-06,203.30133056640625,467.6632995605469,141.6865997314453,173.07984924316406,213.57000732421875,695.5401000976562,295.1400146484375,244.9453125,261.99462890625,368.0801086425781
2025-06-09,200.8388214111328,470.0196228027344,142.59640502929688,175.6939697265625,216.97999572753903,691.9013671875,308.5799865722656,242.31661987304688,262.9904479980469,364.5406799316406
2025-06-10,202.0551300048828,468.2001953125,143.92608642578125,178.1983184814453,217.6100006103516,700.2155151367188,326.0899963378906,242.663818359375,264.8243103027344,368.557373046875
2025-06-11,198.1769256591797,469.8903503417969,142.80625915527344,176.95114135742188,213.1999969482422,691.9811401367188,326.42999267578125,250.87725830078125,264.3806457519531,371.1522521972656
2025-06-12,198.5956573486328,476.104248046875,144.9759063720703,175.30484008789062,213.2400054931641,691.20361328125,319.1099853515625,254.01187133789065,264.4693603515625,369.2532653808594
2025-06-13,195.85400390625,472.2168273925781,141.9464111328125,174.2771453857422,212.1000061035156,680.7462768554688,325.3099975585937,246.7010955810547,261.22564697265625,350.8105163574219
2025-06-16,197.81802368164065,476.3727111816406,144.66595458984375,176.37245178222656,216.1000061035156,700.4749145507812,329.1300048828125,250.07376098632807,266.5595397949219,353.42535400390625
2025-06-17,195.0464630126953,475.279052734375,144.09603881835938,175.5542755126953,214.82000732421875,695.5963134765625,316.3500061035156,247.36569213867188,265.7313842773437,355.77166748046875
2025-06-18,195.9835968017578,477.4663391113281,145.455810546875,172.93020629882812,212.5200042724609,694.1398315429688,322.04998779296875,249.24050903320312,270.10894775390625,338.41259765625
2025-06-20,200.3902130126953,474.6427612304688,143.8260955810547,166.2652130126953,209.69000244140625,680.751220703125,322.1600036621094,248.56442260742188,271.1343688964844,336.6130676269531
2025-06-23,200.888671875,483.1930541992188,144.1460418701172,164.81846618652344,208.47000122070312,696.8933715820312,348.67999267578125,252.3228454589844,274.3583679199219,341.7631225585937
2025-06-24,199.6923065185547,487.2793273925781,147.87539672851562,166.3949432373047,212.7700042724609,710.5313110351562,340.4700012207031,262.26580810546875,277.30633544921875,349.5975646972656
2025-06-25,200.948486328125,489.4268493652344,154.28436279296875,170.29611206054688,211.9900054931641,707.01953125,327.54998779296875,263.1407775878906,280.06695556640625,343.2643737792969
2025-06-26,200.3902130126953,494.5769653320313,154.99423217773438,173.1497039794922,217.1199951171875,724.3887939453125,325.7799987792969,268.6293334960937,284.6910705566406,344.02996826171875
2025-06-27,200.469970703125,493.07568359375,157.72378540039062,178.1284637451172,223.3000030517578,731.9110717773438,323.6300048828125,267.8139953613281,283.0741271972656,346.5950012207031
2025-06-30,204.5475311279297,494.5372009277344,157.96376037597656,175.8336639404297,219.38999938964844,736.3607177734375,317.6600036621094,274.0780944824219,285.83477783203125,352.9977722167969
2025-07-01,207.18951416015625,489.2081298828125,153.2745361328125,175.44451904296875,220.4600067138672,717.5348510742188,300.7099914550781,263.2302551269531,286.3277587890625,353.41534423828125
2025-07-02,211.7954864501953,488.2536926269531,157.22386169433594,178.23822021484375,219.9199981689453,711.8980712890625,315.6499938964844,268.3608703613281,287.8954162597656,352.1725769042969
2025-07-03,212.9021148681641,495.9589538574219,159.3135223388672,179.126220703125,223.4100036621093,717.3253784179688,315.3500061035156,273.6107482910156,293.2451171875,356.7857666015625
2025-07-07,209.31304931640625,494.8453979492188,158.21371459960938,176.39239501953125,223.47000122070312,716.6668701171875,293.94000244140625,272.616455078125,289.25262451171875,354.57861328125
2025-07-08,209.3728485107422,493.7517395019531,159.97341918945312,173.96786499023438,219.3600006103516,718.9813842773438,297.8099975585937,270.25,280.1481628417969,352.50067138671875
2025-07-09,210.4994354248047,500.6019592285156,162.85293579101562,176.2227783203125,222.5399932861328,731.0631103515625,295.8800048828125,276.31524658203125,280.5246276855469,355.6921691894531
2025-07-10,211.7655792236328,498.5836791992188,164.07273864746094,177.2205047607422,222.259994506836,725.5360107421875,309.8699951171875,273.8294982910156,285.5078430175781,353.8230285644531
2025-07-11,210.5193786621093,500.4130554199219,164.89259338378906,179.7847442626953,225.0200042724609,715.8289184570312,313.510009765625,272.8153076171875,284.1901550292969,345.9189453125
2025-07-14,207.987060546875,500.1147766113281,164.04273986816406,181.1516571044922,225.69000244140625,719.2308349609375,316.8999938964844,274.0283508300781,286.0130920410156,348.4740905761719
2025-07-15,208.4755859375,502.8986206054688,170.671630859375,181.59068298339844,226.3500061035156,708.7255859375,310.7799987792969,279.337890625,283.8830871582031,345.01422119140625
2025-07-16,209.5223999023437,502.6997375488281,171.34152221679688,182.55848693847656,223.19000244140625,701.2630004882812,321.6700134277344,279.2086181640625,283.1598815917969,347.8775634765625
2025-07-17,209.38282775878903,508.7446594238281,172.97125244140625,183.1671295166016,223.8800048828125,699.7665405273438,319.4100036621094,284.81646728515625,287.201904296875,347.7880859375
2025-07-18,210.539306640625,507.1041870117188,172.38136291503906,184.643783569336,226.1300048828125,702.6298828125,329.6499938964844,281.7242126464844,288.55914306640625,347.032470703125
2025-07-21,211.8353576660156,507.1141052246094,171.35153198242188,189.6724548339844,229.3000030517578,711.2994384765625,328.489990234375,286.5664367675781,288.261962890625,348.9115600585937
2025-07-22,213.74952697753903,502.3517761230469,167.00225830078125,190.90966796875,227.47000122070312,703.1585693359375,332.1099853515625,277.0013122558594,288.7176513671875,349.8262023925781
2025-07-23,213.5002899169922,502.9483337402344,170.75161743164062,189.8021545410156,228.2899932861328,711.9080810546875,332.5599975585937,282.0722351074219,293.9980773925781,353.2364196777344
2025-07-24,213.11148071289065,507.9293823242188,173.7111358642578,191.73779296875,232.22999572753903,713.125244140625,305.29998779296875,287.0635986328125,293.7899780273437,351.9240417480469
2025-07-25,213.23110961914065,510.74310302734375,173.47117614746094,192.7455139160156,231.44000244140625,711.0101318359375,316.0599975585937,288.5251770019531,295.8407287597656,354.9762878417969
2025-07-28,213.400619506836,509.5400390625,176.7206268310547,192.1468811035156,232.7899932861328,715.9486083984375,325.5899963378906,292.6217041015625,295.50390625,353.41534423828125
2025-07-29,210.6290435791016,509.6096496582031,175.4808349609375,195.30975341796875,231.009994506836,698.35986328125,321.20001220703125,295.7239685058594,294.2754821777344,349.2595520019531
2025-07-30,208.4157867431641,510.2757568359375,179.24021911621094,196.08799743652344,230.19000244140625,693.5811157226562,319.0400085449219,300.8942565917969,296.8413391113281,348.8817443847656
2025-07-31,206.9402618408203,530.4187622070312,177.84043884277344,191.4683990478516,234.1100006103516,771.6278076171875,308.2699890136719,292.025146484375,293.4828796386719,343.4731750488281
2025-08-01,201.76600646972656,521.0830078125,173.69113159179688,188.7046356201172,214.75,748.2527465820312,302.6300048828125,286.9940185546875,286.6768493652344,337.3885498046875
2025-08-04,202.7330780029297,532.54638671875,179.9700927734375,194.601318359375,211.6499938964844,774.5509643554688,309.260009765625,296.022216796875,291.5213317871094,340.17236328125
2025-08-05,202.3043670654297,524.701904296875,178.23037719726562,194.232162475586,213.75,761.6712036132812,308.7200012207031,291.259521484375,288.658203125,335.4796447753906
2025-08-06,212.60302734375,521.908203125,179.3901824951172,195.6489715576172,222.3099975585937,770.1812133789062,319.9100036621094,299.9496765136719,288.638427734375,337.7762756347656
2025-08-07,219.36245727539065,517.8319091796875,180.73995971679688,196.07801818847656,223.1300048828125,760.0449829101562,322.2699890136719,302.0277709960937,284.2694702148437,330.1705017089844
2025-08-08,228.6541748046875,519.0249633789062,182.6696319580078,200.96697998046875,222.69000244140625,767.49755859375,329.6499938964844,303.2308654785156,286.072509765625,334.8333740234375
2025-08-11,226.747802734375,518.7565307617188,182.0297393798828,200.5479431152344,221.3000030517578,764.0755615234375,339.0299987792969,302.1669616699219,286.86505126953125,333.9584655761719
2025-08-12,229.21310424804688,526.183349609375,183.1295623779297,202.88267517089844,221.47000122070312,788.1489868164062,340.8399963378906,311.0460205078125,290.1244506835937,335.3827209472656
2025-08-13,232.88612365722656,517.5734252929688,181.559814453125,201.5057830810547,224.5599975585937,778.2523193359375,339.3800048828125,307.3273620605469,287.8260498046875,341.1692810058594
2025-08-14,232.337158203125,519.4623413085938,181.98974609375,202.4835662841797,230.97999572753903,780.2974243164062,335.5799865722656,309.4552001953125,291.4222412109375,344.0974426269531
2025-08-15,231.1494140625,517.1657104492188,180.4200134277344,203.44140625,231.02999877929688,783.3901977539062,330.5599975585937,304.59307861328125,287.7864074707031,343.0815734863281
2025-08-18,230.4507598876953,514.1134033203125,181.9797515869141,203.0423126220703,231.4900054931641,765.572021484375,335.1600036621094,304.0163879394531,288.8167419433594,341.3585205078125
2025-08-19,230.1213836669922,506.8258056640625,175.61080932617188,201.11666870117188,228.009994506836,749.71923828125,329.3099975585937,293.2282409667969,287.954833984375,341.0697326660156
2025-08-20,225.5800323486328,502.7991943359375,175.370849609375,198.8717193603516,223.8099975585937,745.9680786132812,323.8999938964844,289.50958251953125,289.5201416015625,342.5437316894531
2025-08-21,224.4721527099609,502.15185546875,174.95091247558594,199.30075073242188,221.9499969482422,737.3682250976562,320.1099853515625,287.9485168457031,288.7572937011719,342.3046875
2025-08-22,227.3267059326172,505.1295166015625,177.96043395996094,205.62648010253903,228.83999633789065,753.021484375,340.010009765625,292.3233947753906,293.4828796386719,348.6291198730469
2025-08-25,226.72784423828125,502.17181396484375,179.78012084960938,208.02110290527344,227.94000244140625,751.5349731445312,346.6000061035156,292.5521240234375,292.1553649902344,347.4140319824219
2025-08-26,228.873764038086,499.96099853515625,181.7397918701172,206.67413330078125,228.7100067138672,752.3331298828125,351.6700134277344,296.310546875,295.7912292480469,349.7644958496094
2025-08-27,230.0515289306641,504.6415100097656,181.56982421875,207.01336669921875,229.1199951171875,745.62890625,349.6000061035156,298.53778076171875,296.4945983886719,348.9378662109375
2025-08-28,232.1175842285156,507.5295104980469,180.1400604248047,211.1640167236328,231.6000061035156,749.35009765625,345.9800109863281,306.8898620605469,298.2679748535156,348.4498291015625
2025-08-29,231.6983795166016,504.59173583984375,174.1510467529297,212.43115234375,229.0,736.96923828125,333.8699951171875,295.6941223144531,298.6146850585937,350.36212158203125
2025-09-02,229.28298950195312,503.0282287597656,170.75161743164062,210.87466430664065,225.33999633789065,733.3875732421875,329.3599853515625,296.5392761230469,296.91070556640625,348.65899658203125
2025-09-03,238.016342163086,503.2572937011719,170.59165954589844,230.1412353515625,225.9900054931641,735.3230590820312,334.0899963378906,300.66558837890625,296.72247314453125,349.45574951171875
2025-09-04,239.32383728027344,505.866455078125,171.63148498535156,231.7775421142578,235.67999267578125,746.8959350585938,338.5299987792969,304.3544311523437,300.99237060546875,349.5752868652344
2025-09-05,239.2340087890625,492.9501647949219,166.9922637939453,234.47146606445312,232.3300018310547,750.68701171875,350.8399963378906,332.9802551269531,291.64019775390625,341.83660888671875
2025-09-08,237.42745971679688,496.1369018554688,168.2820281982422,233.72247314453125,235.83999633789065,750.5372924804688,346.3999938964844,343.6788635253906,290.1838684082031,340.9202880859375
2025-09-09,233.9041748046875,496.3460388183594,170.7316131591797,239.304916381836,238.2400054931641,763.9059448242188,346.9700012207031,334.7501220703125,295.0779113769531,342.6034851074219
2025-09-10,226.35855102539065,498.29791259765625,177.300537109375,238.84552001953125,230.3300018310547,750.2180786132812,347.7900085449219,367.4624938964844,297.7428894042969,336.7571716308594
2025-09-11,229.59239196777344,498.9352722167969,177.1505584716797,240.0438995361328,229.9499969482422,749.140625,368.80999755859375,357.5791931152344,302.7161560058594,342.1054992675781
2025-09-12,233.6247100830078,507.7884521484375,177.80047607421875,240.4733123779297,228.1499938964844,753.8196411132812,395.9400024414063,357.8177795410156,304.0535888671875,338.0618896484375
2025-09-15,236.24969482421875,513.225830078125,177.73048400878906,251.2686462402344,231.42999267578125,762.9082641601562,410.0400085449219,362.01373291015625,306.0250549316406,337.6833801269531
2025-09-16,237.6969451904297,506.9320068359375,174.86080932617188,250.8192596435547,234.0500030517578,777.1747436523438,421.6199951171875,357.9470520019531,306.3123779296875,338.6594543457031
2025-09-17,238.5353546142578,507.9079284667969,170.27130126953125,249.19146728515625,231.6199951171875,773.9024658203125,425.8599853515625,344.1959228515625,308.8485412597656,344.8045959472656
2025-09-18,237.42745971679688,506.3444519042969,176.2206573486328,251.6880798339844,231.22999572753903,778.421875,416.8500061035156,343.380615234375,310.3147888183594,336.8169250488281
2025-09-19,245.032958984375,515.78515625,176.6505889892578,254.3744354248047,231.47999572753903,776.5562133789062,426.0700073242188,342.9729309082031,311.850341796875,340.23309326171875
2025-09-22,255.5928192138672,512.319580078125,183.58984375,252.18739318847656,227.6300048828125,763.8824462890625,434.2099914550781,337.4351806640625,309.5321350097656,342.97198486328125
2025-09-23,253.9459686279297,507.1212463378906,178.410400390625,251.318588256836,220.7100067138672,754.1387329101562,425.8500061035156,337.5845642089844,309.8293151855469,337.3348388671875
2025-09-24,251.8300018310547,508.0373840332031,176.9505615234375,246.80470275878903,220.2100067138672,759.3899536132812,442.7900085449219,337.9530944824219,310.5030212402344,337.3148803710937
2025-09-25,256.3813171386719,504.9303283691406,177.67050170898438,245.45654296875,218.1499938964844,747.6595458984375,423.3900146484375,334.75592041015625,310.5327453613281,333.5800170898437
2025-09-26,254.97401428222656,509.3419799804688,178.17044067382812,246.2055206298828,219.77999877929688,742.5081787109375,440.3999938964844,333.19219970703125,313.1184387207031,336.0101928710937
2025-09-29,253.9459686279297,512.4689331054688,181.83004760742188,243.71890258789065,222.1699981689453,742.1587524414062,443.2099914550781,326.5887145996094,312.7518920898437,338.7889404296875
2025-09-30,254.1455993652344,515.8051147460938,186.5595092773437,242.77020263671875,219.57000732421875,733.1538696289062,444.7200012207031,328.5906677246094,312.4942932128906,340.0040283203125
2025-10-01,254.9640350341797,517.557861328125,187.21945190429688,244.5677490234375,220.6300048828125,716.1422729492188,459.4599914550781,332.0567626953125,307.8182067871094,346.4280090332031
2025-10-02,256.6408386230469,513.604248046875,188.8692626953125,245.356674194336,222.4100036621093,725.8360595703125,436.0,336.8275756835937,304.6876220703125,344.5556030273437
2025-10-03,257.5291442871094,515.20751953125,187.59939575195312,245.01715087890625,219.509994506836,709.3735961914062,429.8299865722656,337.0168151855469,307.14453125,348.429931640625
2025-10-06,256.20166015625,526.3811645507812,185.5196228027344,250.0902404785156,220.8999938964844,714.465087890625,453.25,334.1483459472656,307.7916259765625,347.8721618652344
2025-10-07,255.9920959472656,521.8101196289062,185.01968383789065,245.42657470703125,221.77999877929688,711.889404296875,433.0899963378906,335.0646667480469,306.3083190917969,350.9995422363281
2025-10-08,257.569091796875,522.676513671875,189.0892333984375,244.2881317138672,225.22000122070312,716.6414794921875,438.6900024414063,344.1183166503906,302.6647644042969,349.9437866210937
2025-10-09,253.55670166015625,520.2366943359375,192.54885864257807,241.2023162841797,227.7400054931641,732.2852783203125,435.5400085449219,343.6402282714844,304.15802001953125,345.6412353515625
2025-10-10,244.80340576171875,508.8440551757813,183.139892578125,236.2490692138672,216.3699951171875,704.1223754882812,413.489990234375,323.331787109375,299.53887939453125,342.2648620605469
2025-10-13,247.18885803222656,511.9212341308594,188.29933166503903,243.8187561035156,220.07000732421875,714.5050048828125,435.8999938964844,355.2735290527344,306.5870666503906,341.9162902832031
2025-10-14,247.29864501953125,511.4432373046875,180.01022338867188,245.1169891357422,216.38999938964844,707.466796875,429.239990234375,342.7538146972656,300.7235107421875,346.9757995605469
2025-10-15,248.8656616210937,511.3038024902344,179.8102569580078,250.68942260742188,215.57000732421875,716.3519287109375,435.1499938964844,349.92498779296875,304.3172912597656,344.2966613769531
2025-10-16,246.9792633056641,509.4913330078125,181.7900390625,251.1188507080078,214.47000122070312,710.881103515625,428.75,352.7337341308594,297.19940185546875,334.048095703125
2025-10-17,251.81002807617188,511.4532470703125,183.19989013671875,252.9563446044922,213.0399932861328,715.7229614257812,439.30999755859375,347.9330139160156,296.22381591796875,340.5119934082031
2025-10-20,261.7411193847656,514.6498413085938,182.6199493408203,256.2019348144531,216.47999572753903,730.947509765625,447.4299926757813,347.8433532714844,301.0022277832031,343.0218200683594
2025-10-21,262.27008056640625,515.5162963867188,181.14010620117188,250.1202087402344,222.02999877929688,732.0457153320312,442.6000061035156,341.2897033691406,295.75592041015625,345.8105163574219
2025-10-22,257.9583435058594,518.3843994140625,180.2602081298828,251.3485412597656,217.9499969482422,732.1854248046875,438.9700012207031,338.9391174316406,292.7892761230469,343.9679870605469
2025-10-23,259.0861511230469,518.404296875,182.13999938964844,252.7366638183593,221.08999633789065,732.7744750976562,448.9800109863281,342.9131774902344,293.2173767089844,344.5655517578125
2025-10-24,262.3200378417969,521.441650390625,186.23953247070312,259.5673828125,224.2100067138672,737.127197265625,433.7200012207031,352.7138061523437,299.09088134765625,345.9798583984375
2025-10-27,268.2986145019531,529.3189697265625,191.468978881836,268.9046630859375,226.97000122070312,749.5663452148438,452.4200134277344,360.6021423339844,302.7842102050781,346.4180908203125
2025-10-28,268.4882507324219,539.8252563476562,201.0079345703125,267.1071472167969,229.25,750.1853637695312,460.5499877929688,371.47845458984375,303.98876953125,345.50177001953125
2025-10-29,269.1869201660156,539.307373046875,207.01727294921875,274.197509765625,230.3000030517578,750.4149169921875,461.510009765625,384.43646240234375,304.1381225585937,339.9044189453125
2025-10-30,270.8836669921875,523.582763671875,202.8677215576172,281.09814453125,222.8600006103516,665.3572387695312,440.1000061035156,374.9644775390625,308.05047607421875,343.6393127441406
2025-10-31,269.85565185546875,515.6656494140625,202.4677734375,280.8085021972656,244.22000122070312,647.2674560546875,456.55999755859375,368.1518249511719,309.722900390625,339.3665771484375
2025-11-03,268.53814697265625,514.888916015625,206.85728454589844,283.3350830078125,254.0,636.645263671875,468.3699951171875,361.1001281738281,307.9608764648437,335.54205322265625
2025-11-04,269.5262756347656,512.2001342773438,198.66818237304688,277.1634521484375,249.32000732421875,626.2725830078125,444.260009765625,350.5325622558594,307.861328125,338.9283752441406
2025-11-05,269.6260986328125,505.0597839355469,195.18858337402344,283.9242553710937,250.1999969482422,634.88818359375,462.0700073242188,357.54443359375,310.2803955078125,338.66943359375
2025-11-06,269.2567749023437,495.04144287109375,188.05935668945312,284.3636779785156,243.0399932861328,617.9065551757812,445.9100036621094,354.16796875,312.0126037597656,335.6018371582031
2025-11-07,267.9592590332031,494.7626037597656,188.1293487548828,278.45172119140625,244.4100036621093,620.6719360351562,429.5199890136719,348.0325927734375,312.7990417480469,334.6656188964844
2025-11-10,269.1781311035156,503.9045715332031,199.0281524658203,289.7064208984375,248.3999938964844,630.7052001953125,445.2300109863281,356.9568176269531,315.4670104980469,333.5003662109375
2025-11-11,274.99267578125,506.573486328125,193.1387939453125,290.914794921875,249.1000061035156,626.0330200195312,439.6199951171875,350.552490234375,314.20269775390625,337.553955078125
2025-11-12,273.21435546875,509.0233154296875,193.7787322998047,286.3210144042969,244.1999969482422,607.9931640625,430.6000061035156,353.7994689941406,318.97119140625,338.1826477050781
2025-11-13,272.6948547363281,501.205810546875,186.8394775390625,278.19207763671875,237.5800018310547,608.8717041015625,401.989990234375,338.62042236328125,308.0903015136719,335.3883972167969
2025-11-14,272.15533447265625,508.0672607421875,190.1491241455078,276.0350036621094,234.69000244140625,608.4424438476562,404.3500061035156,341.0904541015625,302.2466125488281,329.3408508300781
2025-11-17,267.2099609375,505.3883972167969,186.5795135498047,284.63330078125,232.8699951171875,601.0048217773438,408.9200134277344,341.2797241210937,299.02117919921875,325.07965087890625
2025-11-18,267.19000244140625,491.74517822265625,181.340087890625,283.8943176269531,222.5500030517578,596.6920776367188,401.25,339.1383056640625,298.06549072265625,320.51904296875
2025-11-19,268.3089294433594,485.1027526855469,186.49951171875,292.4127502441406,222.69000244140625,589.3343505859375,403.989990234375,353.0026550292969,301.9081420898437,323.4530029296875
2025-11-20,266.0010986328125,477.3404846191406,180.6201629638672,289.05731201171875,217.13999938964844,588.1663208007812,395.2300109863281,345.4330749511719,297.0401306152344,323.1037292480469
2025-11-21,271.2361755371094,471.04486083984375,178.86036682128906,299.25347900390625,220.69000244140625,593.2578125,391.0899963378906,338.83953857421875,296.6817321777344,327.3050842285156
2025-11-24,275.6620788574219,472.9205932617188,182.52996826171875,318.14776611328125,226.27999877929688,612.0264282226562,417.7799987792969,376.4485168457031,296.6618347167969,328.6223449707031
2025-11-25,276.7110900878906,475.90374755859375,177.80047607421875,323.0011901855469,229.6699981689453,635.1576538085938,419.3999938964844,383.4902648925781,301.6393737792969,333.8415832519531
2025-11-26,277.29052734375,484.3943786621094,180.24020385742188,319.5159606933594,229.1600036621093,632.5520629882812,426.5799865722656,395.9801025390625,306.258544921875,333.1031188964844
2025-11-28,278.5893249511719,490.88958740234375,176.98056030273438,319.7456359863281,233.22000122070312,646.8681640625,430.1700134277344,401.3485412597656,311.6741027832031,333.75177001953125
2025-12-01,282.8353576660156,485.6315612792969,179.90025329589844,314.4628295898437,233.8800048828125,639.7999267578125,430.1400146484375,384.5360412597656,307.5328063964844,329.7101135253906
2025-12-02,285.9224548339844,488.8841552734375,181.4400787353516,315.38153076171875,234.4199981689453,646.01953125,429.239990234375,380.0440979003906,306.4974670410156,328.9416809082031
2025-12-03,283.8843688964844,476.64208984375,179.57028198242188,319.19635009765625,232.3800048828125,638.5320434570312,446.739990234375,379.087890625,310.7283935546875,328.93170166015625
2025-12-04,280.4375915527344,479.7449951171875,183.37008666992188,317.1890869140625,229.1100006103516,660.425537109375,454.5299987792969,379.5062561035156,314.6805725097656,326.4268798828125
2025-12-05,278.5193786621094,482.0597229003906,182.400131225586,320.8341064453125,229.52999877929688,672.2955932617188,455.0,388.6794128417969,313.6253356933594,330.558349609375
2025-12-08,277.6302185058594,489.9018249511719,185.5399627685547,313.49932861328125,226.88999938964844,665.6866455078125,439.5799865722656,399.4960021972656,313.7945556640625,326.1674194335937
2025-12-09,276.9208679199219,490.8995361328125,184.95999145507807,316.85693359375,227.9199981689453,655.8631591796875,445.1700134277344,404.6652221679688,299.1605834960937,325.828125
2025-12-10,278.5193786621094,477.4701843261719,183.77005004882807,319.9847412109375,231.77999877929688,649.0444946289062,451.4500122070313,411.3185119628906,308.7174377441406,325.0596923828125
2025-12-11,277.77008056640625,482.3690185546875,180.92019653320312,312.210205078125,230.27999877929688,651.6201782226562,446.8900146484375,404.7449035644531,315.9548034667969,344.91876220703125
2025-12-12,278.0198669433594,477.4402770996094,175.01052856445312,309.07244873046875,226.19000244140625,643.1543579101562,458.9599914550781,358.4906005859375,317.0896911621094,347.1141967773437
2025-12-15,273.8537292480469,473.73870849609375,176.28045654296875,308.003173828125,222.5399932861328,646.9561157226562,475.30999755859375,338.4510803222656,318.5829467773437,346.1761779785156
2025-12-16,274.353271484375,475.3051452636719,177.71038818359375,306.3543395996094,222.5599975585937,656.587890625,489.8800048828125,339.93511962890625,314.1330261230469,344.3998107910156
2025-12-17,271.5858764648437,475.0357360839844,170.93075561523438,296.5112609863281,221.2700042724609,648.9443969726562,467.260009765625,324.7162170410156,313.5655822753906,343.7012634277344
2025-12-18,271.935546875,482.87786865234375,174.1305694580078,302.2472229003906,226.759994506836,663.881591796875,483.3699951171875,328.5608215332031,311.594482421875,345.2979736328125
2025-12-19,273.4141845703125,484.8134460449219,180.980209350586,306.9439392089844,227.3500061035156,658.2064819335938,481.2000122070313,338.9988708496094,315.7855529785156,348.5312805175781
2025-12-22,270.7166748046875,483.8157348632813,183.6800537109375,309.56207275390625,228.42999267578125,660.9341430664062,488.7300109863281,340.7352600097656,321.63916015625,351.3654479980469
2025-12-23,272.1053771972656,485.7413330078125,189.19976806640625,314.1288757324219,232.13999938964844,664.3711547851562,485.55999755859375,348.5887756347656,324.4664001464844,352.6528015136719
2025-12-24,273.55401611328125,486.90863037109375,188.59979248046875,313.8690490722656,232.3800048828125,666.9789428710938,485.3999938964844,349.48687744140625,327.6918640136719,354.4091796875
2025-12-26,273.1444091796875,486.599365234375,190.51968383789065,313.2894592285156,232.5200042724609,662.7225952148438,475.1900024414063,351.39288330078125,326.4375305175781,354.2694702148437
2025-12-29,273.50408935546875,485.9907531738281,188.2098083496093,313.33941650390625,232.07000732421875,658.1265258789062,459.6400146484375,348.6586303710937,322.29620361328125,353.8802490234375
2025-12-30,272.82470703125,486.3699035644531,187.52984619140625,313.6292419433594,232.52999877929688,665.3803100585938,454.4299926757813,349.1176452636719,321.9677124023437,352.8923034667969
2025-12-31,271.6058349609375,482.5186767578125,186.4899139404297,312.7798156738281,230.82000732421875,659.5253295898438,449.7200012207031,345.3755187988281,320.7730712890625,349.98828125
2026-01-02,270.75665283203125,471.8630065917969,188.8397827148437,314.9283142089844,226.5,649.8535766601562,438.0700073242188,346.8923034667969,324.0184326171875,345.7669982910156
2026-01-05,267.0101623535156,471.773193359375,188.1098175048828,316.3173522949219,233.0599975585937,658.2264404296875,451.6700134277344,342.7011413574219,332.5400085449219,353.0719299316406
2026-01-06,262.1147155761719,477.4203186035156,187.22987365722656,314.1188659667969,240.92999267578125,660.0548706054688,432.9599914550781,343.0503845214844,334.6099853515625,356.8241882324219
2026-01-07,260.08660888671875,482.3690185546875,189.09976196289065,321.7535095214844,241.5599975585937,648.1350708007812,431.4100036621094,342.78094482421875,326.989990234375,355.14764404296875
2026-01-08,258.7978515625,477.0212097167969,185.0299835205078,325.2110595703125,246.2899932861328,645.50732421875,435.7999877929688,331.7840270996094,329.7900085449219,351.50518798828125
2026-01-09,259.1275329589844,478.1885681152344,184.84999084472656,328.3388671875,247.3800048828125,652.5013427734375,445.010009765625,344.24786376953125,329.19000244140625,349.0502014160156
2026-01-12,260.0067138671875,476.0933227539063,184.92999267578125,331.62652587890625,246.47000122070312,641.4207763671875,448.9599914550781,351.47271728515625,324.489990234375,342.4937438964844
2026-01-13,260.8059387207031,469.5981750488281,185.7999420166016,335.7336730957031,242.6000061035156,630.5501708984375,447.2000122070313,353.86767578125,310.8999938964844,327.2052917480469
2026-01-14,259.71697998046875,458.3338928222656,183.1300811767578,335.603759765625,236.6499938964844,614.9934692382812,439.2000122070313,339.17852783203125,307.8699951171875,328.4926452636719
2026-01-15,257.9685974121094,455.6200866699219,187.0398864746093,332.5458984375,238.17999267578125,620.2689208984375,438.5700073242188,342.30194091796875,309.260009765625,327.0755310058594
2026-01-16,255.29112243652344,458.8127746582031,186.21990966796875,329.7678527832031,239.1199951171875,619.7194213867188,437.5,350.9737548828125,312.4700012207031,327.6243896484375
2026-01-20,246.4693756103516,453.4849243164063,178.06036376953125,321.77349853515625,231.0,603.6032104492188,419.25,331.9037780761719,302.739990234375,325.1495056152344
2026-01-21,247.41848754882807,443.0986328125,183.31008911132807,328.1490173339844,231.3099975585937,612.4356689453125,431.4400024414063,328.1116943359375,302.0400085449219,324.6106262207031
2026-01-22,248.1178436279297,450.1126403808594,184.8299865722656,330.3074951171875,234.33999633789065,647.0759887695312,449.3599853515625,324.8086242675781,303.6300048828125,325.6883850097656
2026-01-23,247.80812072753903,464.888916015625,187.6598358154297,327.6993103027344,239.1600036621093,658.1964721679688,449.05999755859375,319.3800354003906,297.7200012207031,325.5087585449219
2026-01-26,255.1712341308593,469.20904541015625,186.4599151611328,333.02557373046875,238.4199981689453,671.7847900390625,435.2000122070313,324.16998291015625,301.0400085449219,327.8139953613281
2026-01-27,258.0285339355469,479.485595703125,188.50979614257807,334.31463623046875,244.67999267578125,672.394287109375,430.8999938964844,332.0933837890625,300.3099975585937,324.5906677246094
2026-01-28,256.2002868652344,480.533203125,191.5096435546875,335.7736511230469,243.009994506836,668.1578979492188,431.4599914550781,332.5424194335937,300.7699890136719,326.30712890625
2026-01-29,258.0385437011719,432.5128173828125,192.49957275390625,338.0120544433594,241.72999572753903,737.6784057617188,416.55999755859375,330.0376892089844,306.4200134277344,331.1171875
2026-01-30,259.2374267578125,429.3101196289063,191.11965942382807,337.7622375488281,239.3000030517578,715.8870849609375,430.4100036621094,330.6064758300781,305.8900146484375,321.1676940917969
2026-02-02,269.7575988769531,422.4058837890625,185.59996032714844,343.4482421875,242.9600067138672,705.8056640625,421.80999755859375,330.4168701171875,308.1400146484375,333.15301513671875
2026-02-03,269.22808837890625,410.2735595703125,180.33023071289065,339.47100830078125,238.6199951171875,691.1082763671875,421.9599914550781,319.659423828125,314.8500061035156,328.25311279296875
2026-02-04,276.23150634765625,413.2467956542969,174.18057250976562,332.80572509765625,232.9900054931641,668.417724609375,406.010009765625,307.4051513671875,317.2699890136719,329.2710266113281
2026-02-05,275.6520690917969,392.7735290527344,171.87069702148438,331.0169677734375,222.69000244140625,669.63671875,397.2099914550781,309.8600158691406,310.1600036621094,328.45269775390625
2026-02-06,277.8599853515625,400.22650146484375,185.39996337890625,322.63287353515625,210.32000732421875,660.8941650390625,411.1099853515625,332.2231140136719,322.3999938964844,330.89764404296875
2026-02-09,274.6199951171875,412.65814208984375,190.0297088623047,324.09185791015625,208.72000122070312,676.640625,417.3200073242188,343.22003173828125,322.1000061035156,324.9100036621094
2026-02-10,273.67999267578125,412.328857421875,188.52978515625,318.3558654785156,206.9600067138672,670.1461791992188,425.2099914550781,339.72735595703125,318.2799987792969,328.1700134277344
2026-02-11,275.5,403.4491271972656,190.0397186279297,310.7412414550781,204.0800018310547,668.1179809570312,428.2699890136719,342.0425109863281,310.82000732421875,329.239990234375
2026-02-12,261.7300109863281,400.9248962402344,186.9298858642578,308.7826232910156,199.6000061035156,649.254150390625,417.0700073242188,330.4767761230469,302.6400146484375,324.17999267578125
2026-02-13,255.77999877929688,400.4060974121094,182.80010986328125,305.50494384765625,198.7899932861328,639.2227172851562,417.4400024414063,324.48931884765625,302.54998779296875,314.0799865722656
2026-02-17,263.8800048828125,395.9562377929688,184.95999145507807,301.8075256347656,201.1499938964844,638.7431030273438,410.6300048828125,331.8439025878906,307.1300048828125,319.5
2026-02-18,264.3500061035156,398.6900024414063,187.9698181152344,303.1166076660156,204.7899932861328,642.6697387695312,411.3200073242188,332.8118591308594,308.7799987792969,320.29998779296875
2026-02-19,260.5799865722656,398.4599914550781,187.88983154296875,302.636962890625,204.8600006103516,644.2284545898438,411.7099914550781,333.29083251953125,308.04998779296875,318.92999267578125
2026-02-20,264.5799865722656,397.2300109863281,189.8097381591797,314.7584228515625,210.1100006103516,655.09912109375,411.8200073242188,331.9536437988281,310.7900085449219,320.95001220703125
2026-02-23,266.17999267578125,384.4700012207031,191.5396423339844,311.2708740234375,205.2700042724609,636.7048950195312,399.8299865722656,329.64849853515625,297.6700134277344,306.5199890136719
2026-02-24,272.1400146484375,389.0,192.83956909179688,310.6813049316406,208.5599975585937,638.7531127929688,409.3800048828125,324.8086242675781,297.29998779296875,307.2200012207031
2026-02-25,274.2300109863281,400.6000061035156,195.5494079589844,312.67987060546875,210.63999938964844,653.1307983398438,417.3999938964844,331.6143798828125,303.29998779296875,312.989990234375
2026-02-26,272.95001220703125,401.7200012207031,184.87998962402344,307.1637878417969,207.9199981689453,656.447998046875,408.5799865722656,321.0265808105469,306.1300048828125,316.70001220703125
2026-02-27,264.17999267578125,392.739990234375,177.180419921875,311.54071044921875,210.0,647.62548828125,402.510009765625,318.8810729980469,300.29998779296875,320.1400146484375
2026-03-02,264.7200012207031,398.5499877929688,182.4701232910156,306.3043518066406,208.38999938964844,653.0009155273438,403.3200073242188,318.1526184082031,297.5599975585937,320.510009765625
2026-03-03,263.75,403.9299926757813,180.04025268554688,303.3664245605469,208.72999572753903,654.5196533203125,392.4299926757813,313.1830444335937,300.260009765625,320.8299865722656
2026-03-04,262.5199890136719,405.2000122070313,183.03009033203125,302.9167785644531,216.82000732421875,667.1587524414062,405.9400024414063,316.86529541015625,299.3900146484375,320.4700012207031
2026-03-05,260.2900085449219,410.6799926757813,183.330078125,300.6683349609375,218.94000244140625,660.0049438476562,405.5499877929688,332.0733947753906,293.54998779296875,319.79998779296875
2026-03-06,257.4599914550781,408.9599914550781,177.8103790283203,298.3099975585937,213.2100067138672,644.308349609375,396.7300109863281,329.7882080078125,289.4800109863281,317.3599853515625
2026-03-09,259.8800048828125,409.4100036621094,182.64010620117188,306.3599853515625,213.4900054931641,646.836181640625,398.6799926757813,345.0262451171875,289.9200134277344,315.9700012207031
2026-03-10,260.8299865722656,405.760009765625,184.760009765625,307.0400085449219,214.3300018310547,653.510498046875,399.239990234375,341.86285400390625,288.7300109863281,314.42999267578125
2026-03-11,260.8099975585937,404.8800048828125,186.02999877929688,308.70001220703125,212.6499938964844,654.2998046875,407.8200073242188,340.85498046875,287.5199890136719,308.9599914550781
2026-03-12,255.759994506836,401.8599853515625,183.13999938964844,303.54998779296875,209.52999877929688,637.6340942382812,395.010009765625,335.2667236328125,282.8900146484375,306.5
2026-03-13,250.1199951171875,395.5499877929688,180.25,302.2799987792969,207.6699981689453,613.1849975585938,391.2000122070313,321.4856262207031,283.44000244140625,307.1400146484375
2026-03-16,252.82000732421875,399.9500122070313,183.22000122070312,305.5599975585937,211.7400054931641,627.4500122070312,395.55999755859375,324.2398681640625,286.1600036621094,310.1099853515625
2026-03-17,254.22999572753903,399.4100036621094,181.92999267578125,310.9200134277344,215.1999969482422,622.6599731445312,399.2699890136719,320.63739013671875,286.8900146484375,308.4599914550781
2026-03-18,249.94000244140625,391.7900085449219,180.3999938964844,307.69000244140625,209.8699951171875,615.6799926757812,392.7799987792969,315.2686462402344,287.739990234375,299.0199890136719
2026-03-19,248.9600067138672,389.0199890136719,178.55999755859375,307.1300048828125,208.759994506836,606.7000122070312,380.2999877929688,319.17047119140625,287.9700012207031,299.7099914550781
2026-03-20,247.9900054931641,381.8699951171875,172.6999969482422,301.0,205.3699951171875,593.6599731445312,367.9599914550781,309.8600158691406,286.5599975585937,301.6199951171875
2026-03-23,251.4900054931641,383.0,175.63999938964844,302.0599975585937,210.13999938964844,604.0599975585938,380.8500061035156,322.510009765625,289.9100036621094,304.44000244140625
2026-03-24,251.63999938964844,372.739990234375,175.1999969482422,290.44000244140625,207.2400054931641,592.9199829101562,383.0299987792969,318.2900085449219,292.3999938964844,303.760009765625
2026-03-25,252.6199951171875,371.0400085449219,178.67999267578125,290.92999267578125,211.7100067138672,594.8900146484375,385.9500122070313,318.8099975585937,295.4200134277344,304.9100036621094
2026-03-26,252.88999938964844,365.9700012207031,171.24000549316406,280.9200134277344,207.5399932861328,547.5399780273438,372.1099853515625,309.4200134277344,291.6600036621094,305.5299987792969
2026-03-27,248.8000030517578,356.7699890136719,167.52000427246094,274.3399963378906,199.33999633789065,525.719970703125,361.8299865722656,300.67999267578125,282.8399963378906,295.5199890136719
2026-03-30,246.6300048828125,358.9599914550781,165.1699981689453,273.5,200.9499969482422,536.3800048828125,355.2799987792969,293.4100036621094,283.7699890136719,299.5400085449219
2026-03-31,253.7899932861328,370.1700134277344,174.39999389648438,287.5599975585937,208.2700042724609,572.1300048828125,371.75,309.510009765625,294.1600036621094,302.239990234375
2026-04-01,255.6300048828125,369.3699951171875,175.75,297.3900146484375,210.57000732421875,579.22998046875,381.260009765625,313.489990234375,295.3800048828125,298.510009765625
2026-04-02,255.9199981689453,373.4599914550781,177.38999938964844,295.7699890136719,209.7700042724609,574.4600219726562,360.5899963378906,314.54998779296875,294.6000061035156,300.79998779296875
2026-04-06,258.8599853515625,372.8800048828125,177.63999938964844,299.989990234375,212.7899932861328,573.02001953125,352.82000732421875,314.42999267578125,295.45001220703125,303.3299865722656
2026-04-07,253.5,372.2900085449219,178.10000610351562,305.4599914550781,213.7700042724609,575.0499877929688,346.6499938964844,333.9700012207031,297.3999938964844,302.54998779296875
2026-04-08,258.8999938964844,374.3299865722656,182.0800018310547,317.32000732421875,221.25,612.4199829101562,343.25,350.6300048828125,307.9700012207031,308.9599914550781
2026-04-09,260.489990234375,373.0700073242188,183.9100036621093,318.489990234375,233.6499938964844,628.3900146484375,345.6199951171875,354.9100036621094,310.3299865722656,308.2900085449219
2026-04-10,260.4800109863281,370.8699951171875,188.6300048828125,317.239990234375,238.3800048828125,629.8599853515625,348.95001220703125,371.5499877929688,309.8699951171875,304.3599853515625
2026-04-13,259.20001220703125,384.3699951171875,189.3099975585937,321.3099975585937,239.88999938964844,634.530029296875,352.4200134277344,379.75,313.67999267578125,309.3900146484375
2026-04-14,258.8299865722656,393.1099853515625,196.509994506836,332.9100036621094,249.0200042724609,662.489990234375,364.2000122070313,380.7799987792969,311.1199951171875,311.3699951171875
2026-04-15,266.42999267578125,411.2200012207031,198.8699951171875,337.1199951171875,248.5,671.5800170898438,391.9500122070313,396.7200012207031,305.92999267578125,315.9100036621094
2026-04-16,263.3999938964844,420.260009765625,198.3500061035156,336.0199890136719,249.6999969482422,676.8699951171875,388.8999938964844,398.4700012207031,309.95001220703125,315.1000061035156
2026-04-17,270.2300109863281,422.7900085449219,201.67999267578125,341.67999267578125,250.5599975585937,688.5499877929688,400.6199951171875,406.5400085449219,310.2900085449219,317.0199890136719
2026-04-20,273.04998779296875,418.0700073242188,202.0599975585937,337.4200134277344,248.27999877929688,670.9099731445312,392.5,399.6300048828125,316.989990234375,313.94000244140625
2026-04-21,266.1700134277344,424.1600036621094,199.8800048828125,332.2900085449219,249.9100036621093,668.8400268554688,386.4200134277344,402.1700134277344,313.0,309.94000244140625
2026-04-22,273.1700134277344,432.9200134277344,202.5,339.32000732421875,255.3600006103516,674.719970703125,387.510009765625,422.6499938964844,313.0199890136719,311.2900085449219
2026-04-23,273.42999267578125,415.75,199.63999938964844,338.8900146484375,255.0800018310547,659.1500244140625,373.7200012207031,419.9400024414063,311.69000244140625,308.8800048828125
